Title,Mental_Prowess,Physical_Prowess,Social_Skills,Routine_Intensity,KMeans_Cluster,Hierarchical_Cluster,DBSCAN_Cluster,Insulation (Social Skills),Mental_Scaled,Physical_Scaled,Social_Scaled,Routine_Scaled,AI_Impact_Score,AI_Impact_Type,onetsoc_code,Total_Employment_USD,Median_Annual_Wage_USD
Chief Executives,4.8133333333333335,0.20833333333333334,4.3149999999999995,0.71,3,2,-1,High (Insulated),2.6214713443414537,-1.4536403410485228,2.5069362689393775,-1.302803925154634,-3.8097401940940117,Insulated: High-Social,11-1011.00,223260,181210.0
General and Operations Managers,3.521666666666667,0.5833333333333334,3.6233333333333335,0.6233333333333334,3,2,0,High (Insulated),0.8013205631545756,-1.0767407670515279,1.2905012341818483,-1.3977964943564665,-2.6882977285383145,Insulated: High-Social,11-1021.00,2188870,99310.0
Advertising and Promotions Managers,3.6650000000000005,0.25,3.6666666666666665,0.49666666666666676,3,2,0,High (Insulated),1.0032985853249907,-1.4117626106044123,1.3667116219015965,-1.5366317878052986,-2.903343409706895,Insulated: High-Social,11-2011.00,28860,100810.0
Marketing Managers,3.875,0.25,3.793333333333333,0.4166666666666667,3,2,0,High (Insulated),1.2992198736211793,-1.4117626106044123,1.5894804475439392,-1.624317236299298,-3.213797683843237,Insulated: High-Social,11-2021.00,205900,131180.0
Sales Managers,3.8766666666666665,0.3116666666666667,4.0,0.79,3,2,0,High (Insulated),1.3015684552743234,-1.3497835695471285,1.952945373591973,-1.2151184766606344,-3.1680638502526075,Insulated: High-Social,11-2022.00,365230,117960.0
Computer and Information Systems Managers,3.668333333333333,0.75,3.563333333333333,1.3333333333333333,3,2,0,High (Insulated),1.0079957486312783,-0.909229845275086,1.1849791588775795,-0.6195881389722225,-1.8045672978498022,Insulated: High-Social,11-3021.00,352510,135800.0
Financial Managers,3.7099999999999995,0.375,3.6666666666666665,0.8366666666666666,3,2,0,High (Insulated),1.066710289959887,-1.2861294192720807,1.3667116219015965,-1.1639686317058016,-2.530680253607398,Insulated: High-Social,11-3031.00,543300,121750.0
Industrial Production Managers,3.9183333333333334,1.6450000000000002,3.6650000000000005,1.9133333333333333,0,1,0,High (Insulated),1.3602829966029328,-0.009696195335591655,1.3637804531431457,0.01613136260927266,-1.347649090533873,Insulated: High-Social,11-3051.00,168400,97140.0
Purchasing Managers,3.7083333333333335,0.10333333333333333,3.9599999999999995,0.5,3,2,0,High (Insulated),1.0643617083067436,-1.5591722217676813,1.882597323389127,-1.5329782274513821,-3.4155755508405092,Insulated: High-Social,11-3061.00,71750,111590.0
"Transportation, Storage, and Distribution Managers",3.436666666666667,0.4583333333333333,3.5,1.3333333333333333,3,2,0,High (Insulated),0.6815428988442134,-1.2023739583838597,1.0735947460564086,-0.6195881389722225,-1.693182885028631,Insulated: High-Social,11-3071.00,113270,89190.0
Compensation and Benefits Managers,3.7099999999999995,0.06166666666666667,3.375,0.71,3,2,0,High (Insulated),1.066710289959887,-1.6010499522117918,0.8537570891725176,-1.302803925154634,-2.1565610143271514,Insulated: High-Social,11-3111.00,15230,116240.0
Human Resources Managers,3.831666666666667,0.43999999999999995,3.918333333333333,0.54,3,2,0,High (Insulated),1.2381567506394264,-1.2208001597792684,1.8093181044278304,-1.4891355032043825,-3.298453607632213,Insulated: High-Social,11-3121.00,129810,106910.0
Training and Development Managers,3.7099999999999995,0.37333333333333335,3.7916666666666665,0.54,3,2,0,High (Insulated),1.066710289959887,-1.2878045284898452,1.5865492787854876,-1.4891355032043825,-3.07568478198987,Insulated: High-Social,11-3131.00,32880,105830.0
"Farmers, Ranchers, and Other Agricultural Managers",3.5416666666666665,2.23,3.4966666666666675,2.42,0,1,0,High (Insulated),0.8295035429923073,0.5782671400997199,1.0677324085395064,0.5714725364046016,-0.49625987213490474,Insulated: High-Social,11-9013.00,4560,66360.0
Construction Managers,3.9150000000000005,0.8333333333333334,3.605,1.0833333333333333,3,2,0,High (Insulated),1.3555858332966446,-0.8254743843868649,1.2582583778388772,-0.8936051655159705,-2.151863543354848,Insulated: High-Social,11-9021.00,249650,89300.0
"Education and Childcare Administrators, Preschool and Daycare",3.4599999999999995,1.1033333333333333,3.813333333333333,0.75,3,2,0,High (Insulated),0.7144230419882333,-0.5541066911090288,1.6246544726453618,-1.258961200907634,-2.883615673552996,Insulated: High-Social,11-9031.00,48530,45790.0
"Education Administrators, Kindergarten through Secondary",4.086666666666666,0.8133333333333334,4.041666666666667,0.4166666666666667,3,2,0,High (Insulated),1.597489743570512,-0.8455756950000379,2.0262245925532705,-1.624317236299298,-3.6505418288525684,Insulated: High-Social,11-9032.00,242970,92510.0
"Education Administrators, Postsecondary",3.8333333333333335,0.22833333333333336,3.8966666666666665,0.4166666666666667,3,2,0,High (Insulated),1.2405053322925705,-1.43353903043535,1.7712129105679562,-1.624317236299298,-3.3955301468672543,Insulated: High-Social,11-9033.00,138430,90760.0
Architectural and Engineering Managers,3.956666666666667,0.6883333333333334,3.7283333333333335,1.0833333333333333,3,2,0,High (Insulated),1.4143003746252534,-0.9712088863323696,1.4751648659643166,-0.8936051655159705,-2.3687700314802873,Insulated: High-Social,11-9041.00,178390,134730.0
Food Service Managers,2.9166666666666665,2.25,3.52,1.75,0,1,0,High (Insulated),-0.05121457693682739,0.5983684507128929,1.1087687711578313,-0.16289309473264263,-1.271661865890474,Insulated: High-Social,11-9051.00,201470,50820.0
Gambling Managers,3.2900000000000005,1.21,3.768333333333334,1.25,3,1,0,High (Insulated),0.47486771336751,-0.4468997011721058,1.5455129161671626,-0.7109271478201384,-2.2564400639873012,Insulated: High-Social,11-9071.00,4280,69180.0
Lodging Managers,3.355,1.5033333333333332,3.9166666666666665,1.71,0,1,0,High (Insulated),0.5664623978401393,-0.15208047884556783,1.8063869356693787,-0.20673581897964233,-2.013122754649021,Insulated: High-Social,11-9081.00,35410,51840.0
Medical and Health Services Managers,3.75,0.2916666666666667,3.875,0.5833333333333334,3,2,0,High (Insulated),1.1230762496353524,-1.3698848801603016,1.733107716708082,-1.441639218603466,-3.174746935311548,Insulated: High-Social,11-9111.00,332150,96540.0
Natural Sciences Managers,4.085,0.7066666666666667,3.5849999999999995,1.04,3,2,0,High (Insulated),1.5951411619173685,-0.9527826849369609,1.2230843527374538,-0.9411014501168866,-2.16418580285434,Insulated: High-Social,11-9121.00,54780,119850.0
Postmasters and Mail Superintendents,3.1666666666666665,0.9383333333333334,3.3533333333333335,1.21,3,3,0,High (Insulated),0.3010726710348265,-0.7199425036677064,0.8156518953126434,-0.7547698720671381,-1.5704217673797816,Insulated: High-Social,11-9131.00,14720,71670.0
"Property, Real Estate, and Community Association Managers",2.9166666666666665,0.12333333333333334,3.4166666666666665,0.9166666666666666,3,2,0,High (Insulated),-0.05121457693682739,-1.5390709111545084,0.9270363081338143,-1.0762831832118023,-2.0033194913456165,Insulated: High-Social,11-9141.00,180290,57040.0
Social and Community Service Managers,3.8949999999999996,0.5616666666666666,4.0,0.9166666666666666,3,2,0,High (Insulated),1.327402853458911,-1.0985171868824657,1.952945373591973,-1.0762831832118023,-3.0292285568037753,Insulated: High-Social,11-9151.00,126230,64680.0
Emergency Management Directors,4.208333333333333,0.6033333333333334,4.331666666666667,0.8333333333333334,3,2,0,High (Insulated),1.7689362042500507,-1.0566394564383548,2.536247956523898,-1.1676221920597183,-3.703870148583616,Insulated: High-Social,11-9161.00,9570,70500.0
"Agents and Business Managers of Artists, Performers, and Athletes",3.063333333333333,0.20833333333333334,3.605,0.7066666666666667,3,2,0,High (Insulated),0.15546060853987598,-1.4536403410485228,1.2582583778388772,-1.3064574855085505,-2.564715863347428,Insulated: High-Social,13-1011.00,13470,62080.0
"Buyers and Purchasing Agents, Farm Products",3.168333333333333,1.1466666666666667,3.185,1.21,3,3,0,Low,0.3034212526879706,-0.5105538514471537,0.5196038507090032,-0.7547698720671381,-1.2743737227761414,Risk: Generative AI (Near-Term),13-1021.00,11490,58430.0
"Wholesale and Retail Buyers, Except Farm Products",3.4783333333333335,1.105,3.52,0.71,3,2,0,High (Insulated),0.7402574401728221,-0.5524315818912643,1.1087687711578313,-1.302803925154634,-2.411572696312465,Insulated: High-Social,13-1022.00,109440,53340.0
"Purchasing Agents, Except Wholesale, Retail, and Farm Products",3.438333333333334,0.20833333333333334,3.4983333333333335,0.79,3,2,0,High (Insulated),0.683891480497358,-1.4536403410485228,1.0706635772979571,-1.2151184766606344,-2.2857820539585916,Insulated: High-Social,13-1023.00,297600,63300.0
"Claims Adjusters, Examiners, and Investigators",3.3733333333333335,0.39666666666666667,3.105,1.0833333333333333,3,3,0,Low,0.5922967960247275,-1.264352999441143,0.3789077503033128,-0.8936051655159705,-1.2725129158192834,Risk: Generative AI (Near-Term),13-1031.00,274420,63680.0
"Insurance Appraisers, Auto Damage",2.7916666666666665,0.94,2.7733333333333334,1.71,2,3,0,Low,-0.22735820092265432,-0.718267394449942,-0.20439483262861136,-0.20673581897964233,-0.0023409863510309714,Risk: Generative AI (Near-Term),13-1032.00,15130,63510.0
Compliance Officers,2.811666666666667,0.9383333333333334,3.1233333333333335,1.5833333333333333,2,3,0,Low,-0.19917522108492136,-0.7199425036677064,0.41115060664628383,-0.34557111242847466,-0.7567217190747585,Risk: Generative AI (Near-Term),13-1041.00,273910,66540.0
Cost Estimators,3.705,0.10333333333333333,3.0833333333333335,0.75,3,2,0,Low,1.059664545000455,-1.5591722217676813,0.34080255644343865,-1.258961200907634,-1.5997637573510728,Insulated: High-Creativity,13-1051.00,214610,61790.0
Human Resources Specialists,3.0833333333333335,0.355,3.2916666666666665,0.8366666666666666,3,2,0,Low,0.18364358837760894,-1.3062307298852538,0.7071986512499232,-1.1639686317058016,-1.8711672829557249,Insulated: High-Creativity,13-1071.00,524800,59180.0
Farm Labor Contractors,2.375,1.9566666666666668,2.9600000000000004,2.8766666666666665,1,0,0,Low,-0.814503614208744,0.30354922838635495,0.12389606831799987,1.072010304891181,0.9481142365731812,Risk: Robotics (Medium-Term),13-1074.00,810,35160.0
Labor Relations Specialists,3.52,0.0,3.813333333333333,0.5,3,2,0,High (Insulated),0.7989719815014309,-1.6630289932690754,1.6246544726453618,-1.5329782274513821,-3.1576327000967437,Insulated: High-Social,13-1075.00,79430,62310.0
Logisticians,3.856666666666666,0.39666666666666667,3.561666666666667,0.4566666666666667,3,2,0,High (Insulated),1.2733854754365905,-1.264352999441143,1.1820479901191288,-1.5804745120522983,-2.762522502171427,Insulated: High-Social,13-1081.00,146060,74170.0
Management Analysts,3.8533333333333335,0.10333333333333333,3.625,0.5,3,2,0,High (Insulated),1.268688312130303,-1.5591722217676813,1.2934324029402997,-1.5329782274513821,-2.826410630391682,Insulated: High-Social,13-1111.00,637690,81330.0
"Meeting, Convention, and Event Planners",3.3766666666666665,1.75,3.645,1.2933333333333332,0,1,0,High (Insulated),0.5969939593310157,0.09583568538356663,1.3286064280417225,-0.6634308632192222,-1.9920372912609445,Insulated: High-Social,13-1121.00,95850,47350.0
Fundraisers,3.3533333333333335,0.2916666666666667,3.7116666666666664,0.6666666666666666,3,2,0,High (Insulated),0.5641138161869952,-1.3698848801603016,1.4458531783797972,-1.35030020975555,-2.7961533881353473,Insulated: High-Social,13-1131.00,68910,54130.0
"Compensation, Benefits, and Job Analysis Specialists",3.645,0.20833333333333334,3.206666666666667,0.75,3,2,0,Low,0.9751156054872578,-1.4536403410485228,0.5577090445688782,-1.258961200907634,-1.8166702454765122,Insulated: High-Creativity,13-1141.00,79190,62080.0
Training and Development Specialists,3.351666666666667,0.18666666666666668,3.7083333333333335,0.4566666666666667,3,2,0,High (Insulated),0.5617652345338511,-1.4754167608794602,1.439990840862894,-1.5804745120522983,-3.0204653529151924,Insulated: High-Social,13-1151.00,269710,59020.0
Market Research Analysts and Marketing Specialists,3.918333333333333,0.3116666666666667,3.063333333333333,0.6233333333333334,3,2,0,Low,1.3602829966029322,-1.3497835695471285,0.30562853134201523,-1.3977964943564665,-1.7034250256984818,Insulated: High-Creativity,13-1161.00,558630,62560.0
Accountants and Auditors,3.56,0.18666666666666668,3.1899999999999995,0.75,3,2,0,Low,0.8553379411768955,-1.4754167608794602,0.5283973569843579,-1.258961200907634,-1.787358557891992,Insulated: High-Creativity,13-2011.00,1246540,68150.0
Budget Analysts,3.686666666666667,0.29,2.813333333333333,0.9166666666666666,3,3,0,Low,1.0338301468158673,-1.3715599893780661,-0.13404678242576692,-1.0762831832118023,-0.9422364007860353,Insulated: High-Creativity,13-2031.00,54700,73840.0
Credit Analysts,3.4983333333333335,0.395,2.668333333333333,1.0433333333333332,3,3,0,Low,0.7684404200105545,-1.2660281086589076,-0.3890584644110806,-0.9374478897629701,-0.5483894253518895,Risk: Generative AI (Near-Term),13-2041.00,72930,69930.0
Personal Financial Advisors,3.7483333333333335,0.06333333333333334,3.3333333333333335,0.75,3,2,0,High (Insulated),1.1207276679822082,-1.5993748429940275,0.7804778702112208,-1.258961200907634,-2.039439071118855,Insulated: High-Social,13-2052.00,201850,90530.0
Insurance Underwriters,3.23,0.4366666666666667,2.855,1.1266666666666667,2,3,0,Low,0.39031877385431235,-1.224150378214797,-0.06076756346446938,-0.846108880915054,-0.7853413174505846,Risk: Generative AI (Near-Term),13-2053.00,91650,67680.0
Financial Examiners,4.0633333333333335,0.25,3.3516666666666666,0.71,3,2,0,High (Insulated),1.5646096004264922,-1.4117626106044123,0.812720726554191,-1.302803925154634,-2.115524651708825,Insulated: High-Social,13-2061.00,49750,79280.0
Credit Counselors,3.2083333333333335,0.4166666666666667,3.331666666666667,0.9166666666666666,3,2,0,High (Insulated),0.3597872123634359,-1.2442516888279702,0.7775467014527693,-1.0762831832118023,-1.8538298846645715,Insulated: High-Social,13-2071.00,34110,44380.0
Loan Officers,3.125,0.47833333333333333,3.0416666666666665,1.21,2,3,0,Low,0.24235812970621773,-1.1822726477706866,0.2675233374821411,-0.7547698720671381,-1.0222932095492792,Risk: Generative AI (Near-Term),13-2072.00,305700,63650.0
"Tax Examiners and Collectors, and Revenue Agents",2.9783333333333335,0.5616666666666666,3.02,1.0833333333333333,2,3,0,Low,0.035682944229514346,-1.0985171868824657,0.22941814362226692,-0.8936051655159705,-1.1230233091382373,Risk: Generative AI (Near-Term),13-2081.00,58450,52060.0
Tax Preparers,3.0,0.48,2.8333333333333335,1.0,2,3,0,Low,0.06621450572039078,-1.1805975385529222,-0.09887275732434354,-0.9849441743638863,-0.8860714170395427,Risk: Generative AI (Near-Term),13-2082.00,70030,36550.0
Actuaries,4.705000000000001,0.08333333333333333,3.2083333333333335,0.5833333333333334,3,2,0,Low,2.4688135368870716,-1.5792735323808544,0.5606402133273297,-1.441639218603466,-2.0022794319307957,Insulated: High-Creativity,15-2011.00,19940,100610.0
Mathematicians,4.6049999999999995,0.2916666666666667,2.5416666666666665,0.12333333333333336,3,2,-1,Low,2.327898637698408,-1.3698848801603016,-0.6118272900534233,-1.9458305474439623,-1.3340032573905392,Insulated: High-Creativity,15-2021.00,2730,105810.0
Operations Research Analysts,4.3133333333333335,0.06333333333333334,2.8966666666666665,0.4166666666666667,3,2,0,Low,1.9168968483981461,-1.5993748429940275,0.012511655496827387,-1.624317236299298,-1.6368288917961253,Insulated: High-Creativity,15-2031.00,109150,79200.0
Statisticians,3.956666666666667,0.16666666666666666,2.643333333333334,0.5433333333333333,3,2,0,Low,1.4143003746252534,-1.4955180714926333,-0.4330259957878571,-1.485481942850466,-1.052455947062609,Insulated: High-Creativity,15-2041.00,33440,80500.0
"Architects, Except Landscape and Naval",4.083333333333333,0.7083333333333334,3.418333333333333,1.04,3,2,0,High (Insulated),1.5927925802642238,-0.9511075757191965,0.9299674768922659,-0.9411014501168866,-1.8710689270091525,Insulated: High-Social,17-1011.00,99860,76930.0
Landscape Architects,3.605,0.625,3.3966666666666665,1.0833333333333333,3,2,0,High (Insulated),0.9187496458117932,-1.0348630366074176,0.8918622830323918,-0.8936051655159705,-1.7854674485483621,Insulated: High-Social,17-1012.00,19420,63480.0
Cartographers and Photogrammetrists,3.1033333333333335,0.9166666666666666,2.645,1.71,2,3,0,Low,0.2118265682153413,-0.7417189234986439,-0.4300948270294063,-0.20673581897964233,0.223359008049764,Risk: Generative AI (Near-Term),17-1021.00,12100,62750.0
Surveyors,3.395,2.25,3.0416666666666665,2.17,0,1,0,Low,0.622828357515604,0.5983684507128929,0.2675233374821411,0.29745550986085373,0.02993217237871265,Risk: Generative AI (Near-Term),17-1022.00,43340,59390.0
Aerospace Engineers,4.2299999999999995,0.3333333333333333,3.1233333333333335,0.37666666666666665,3,2,0,Low,1.7994677657409273,-1.3280071497161914,0.41115060664628383,-1.6681599605462976,-2.0793105671925813,Insulated: High-Creativity,17-2011.00,68510,109650.0
Agricultural Engineers,4.04,0.9583333333333334,3.02,1.5833333333333333,3,2,0,Low,1.531729457282471,-0.6998411930545333,0.22941814362226692,-0.34557111242847466,-0.5749892560507416,Risk: Generative AI (Near-Term),17-2021.00,1980,73640.0
Bioengineers and Biomedical Engineers,4.2700000000000005,0.75,3.2916666666666665,1.1233333333333333,3,2,0,Low,1.8558337254163932,-0.909229845275086,0.7071986512499232,-0.8497624412689707,-1.556961092518894,Risk: Generative AI (Near-Term),17-2031.00,20590,85620.0
Chemical Engineers,4.376666666666666,0.3333333333333333,3.2066666666666666,1.0433333333333332,3,2,0,Low,2.0061429512176305,-1.3280071497161914,0.5577090445688774,-0.9374478897629701,-1.4951569343318476,Risk: Generative AI (Near-Term),17-2041.00,31990,98340.0
Civil Engineers,4.2683333333333335,0.27,3.25,0.79,3,2,0,Low,1.8534851437632485,-1.3916612999912392,0.6339194322886265,-1.2151184766606344,-1.8490379089492608,Insulated: High-Creativity,17-2051.00,287800,83540.0
Computer Hardware Engineers,3.8333333333333335,0.75,2.831666666666667,0.9566666666666667,3,2,0,Low,1.2405053322925705,-0.909229845275086,-0.10180392608279511,-1.0324404589648026,-0.9306365328820075,Insulated: High-Creativity,17-2061.00,72950,115080.0
Electrical Engineers,3.77,0.81,2.98,1.25,3,3,0,Low,1.1512592294730848,-0.8489259134355668,0.15907009341942172,-0.7109271478201384,-0.8699972412395601,Risk: Generative AI (Near-Term),17-2071.00,183770,94210.0
"Electronics Engineers, Except Computer",4.0200000000000005,1.1883333333333332,3.0416666666666665,1.71,3,2,0,Low,1.5035464774447393,-0.46867612100304334,0.2675233374821411,-0.20673581897964233,-0.4742591564617834,Risk: Generative AI (Near-Term),17-2072.00,132100,99210.0
Environmental Engineers,4.0200000000000005,0.06333333333333334,3.168333333333333,0.4166666666666667,3,2,0,Low,1.5035464774447393,-1.5993748429940275,0.4902921631244837,-1.624317236299298,-2.114609399423782,Insulated: High-Creativity,17-2081.00,52280,84890.0
"Health and Safety Engineers, Except Mining Safety Engineers and Inspectors",3.4583333333333335,0.6033333333333334,3.3533333333333335,1.3733333333333333,3,2,0,High (Insulated),0.7120744603350898,-1.0566394564383548,0.8156518953126434,-0.5757454147252228,-1.391397310037866,Insulated: High-Social,17-2111.00,25410,86720.0
Industrial Engineers,3.895,0.47833333333333333,2.811666666666667,1.75,3,2,0,Low,1.3274028534589117,-1.1822726477706866,-0.1369779511842177,-0.16289309473264263,-0.025915143548424918,Risk: Generative AI (Near-Term),17-2112.00,256550,84310.0
Marine Engineers and Naval Architects,3.9783333333333335,0.7916666666666666,3.3533333333333335,1.2533333333333332,3,2,0,High (Insulated),1.44483193611613,-0.8673521148309755,0.8156518953126434,-0.7072735874662219,-1.5229254827788652,Insulated: High-Social,17-2121.00,8120,93350.0
Materials Engineers,4.0,0.7283333333333334,3.248333333333333,1.5833333333333333,3,2,0,Low,1.4753634976070062,-0.9310062651060235,0.6309882635301741,-0.34557111242847466,-0.9765593759586488,Risk: Generative AI (Near-Term),17-2131.00,26800,93310.0
Mechanical Engineers,4.166666666666667,0.52,3.1666666666666665,0.96,3,2,0,Low,1.7102216629214426,-1.1403949173265762,0.4873609943660322,-1.028786898610886,-1.516147892976918,Insulated: High-Creativity,17-2141.00,285790,84190.0
"Mining and Geological Engineers, Including Mining Safety Engineers",4.3549999999999995,0.22999999999999998,3.2916666666666665,0.5833333333333334,3,2,0,Low,1.9756113897267542,-1.4318639212175854,0.7071986512499232,-1.441639218603466,-2.148837869853389,Insulated: High-Creativity,17-2151.00,6940,93720.0
Nuclear Engineers,4.2283333333333335,0.20833333333333334,3.1666666666666665,0.8700000000000001,3,2,0,Low,1.7971191840877838,-1.4536403410485228,0.4873609943660322,-1.1274330281666352,-1.6147940225326674,Insulated: High-Creativity,17-2161.00,17680,102220.0
Petroleum Engineers,4.003333333333333,0.25,3.311666666666667,0.8733333333333334,3,2,0,High (Insulated),1.4800606609132945,-1.4117626106044123,0.7423726763513466,-1.1237794678127186,-1.8661521441640652,Insulated: High-Creativity,17-2171.00,32780,128230.0
Architectural and Civil Drafters,3.393333333333333,1.0233333333333332,2.938333333333333,1.5033333333333332,2,3,0,Low,0.6204797758624592,-0.6345119335617211,0.08579087445812415,-0.43325656092247405,-0.5190474353805982,Risk: Generative AI (Near-Term),17-3011.00,96810,51640.0
Electrical and Electronics Drafters,3.1033333333333335,0.81,2.938333333333333,1.5033333333333332,2,3,0,Low,0.2118265682153413,-0.8489259134355668,0.08579087445812415,-0.43325656092247405,-0.5190474353805982,Risk: Generative AI (Near-Term),17-3012.00,26750,59970.0
Mechanical Drafters,3.145,0.9383333333333334,2.6666666666666665,1.54,2,3,0,Low,0.27054110954395005,-0.7199425036677064,-0.39198963316953217,-0.3930673970293908,-0.001077763859858638,Risk: Generative AI (Near-Term),17-3013.00,63630,54480.0
Aerospace Engineering and Operations Technologists and Technicians,3.331666666666667,1.5433333333333332,2.855,2.1666666666666665,0,3,0,Low,0.5335822546961188,-0.11187785761922169,-0.06076756346446938,0.29380194950693705,0.35456951297140643,Risk: Generative AI (Near-Term),17-3021.00,11970,68020.0
Civil Engineering Technologists and Technicians,3.2483333333333335,0.7933333333333333,2.6683333333333334,1.6633333333333333,2,3,0,Low,0.41615317203890057,-0.865677005613211,-0.38905846441107983,-0.2578856639344752,0.13117280047660462,Risk: Generative AI (Near-Term),17-3022.00,72150,49980.0
Electrical and Electronic Engineering Technologists and Technicians,3.1266666666666665,1.7083333333333333,2.6266666666666665,1.8733333333333333,2,1,0,Low,0.2447067113593618,0.05395795493945603,-0.4623376833723774,-0.02771136163772704,0.4346263217346504,Risk: Generative AI (Near-Term),17-3023.00,134870,62190.0
Electro-Mechanical and Mechatronics Technologists and Technicians,3.205,2.4583333333333335,2.48,2.8333333333333335,1,0,0,Low,0.3550900490571471,0.8077571029334457,-0.7202805341161427,1.0245140202902652,1.7447945544064078,Risk: Robotics (Medium-Term),17-3024.00,13710,55610.0
Environmental Engineering Technologists and Technicians,3.4166666666666665,2.231666666666667,2.898333333333333,2.3766666666666665,0,1,0,Low,0.6533599190064804,0.5799422493174845,0.015442824255278945,0.5239762518036852,0.5085334275484062,Risk: Generative AI (Near-Term),17-3025.00,16550,49170.0
Industrial Engineering Technologists and Technicians,3.813333333333333,1.21,3.061666666666667,1.71,3,2,0,Low,1.2123223524548377,-0.4468997011721058,0.30269736258356444,-0.20673581897964233,-0.5094331815632067,Risk: Generative AI (Near-Term),17-3026.00,63220,53330.0
Mechanical Engineering Technologists and Technicians,3.4599999999999995,2.2916666666666665,2.9150000000000005,2.4166666666666665,0,1,0,Low,0.7144230419882333,0.6402461811570033,0.04475451183979921,0.5678189760506849,0.5230644642108857,Risk: Generative AI (Near-Term),17-3027.00,45510,54480.0
Surveying and Mapping Technicians,2.831666666666667,1.9799999999999998,2.793333333333333,2.21,0,1,0,Low,-0.17099224124718904,0.32700075743505647,-0.16922080752718954,0.3412982341078535,0.510519041635043,Risk: Robotics (Medium-Term),17-3031.00,53920,42450.0
Animal Scientists,3.98,0.6233333333333334,3.1233333333333335,1.2066666666666668,3,2,0,Low,1.447180517769274,-1.036538145825182,0.41115060664628383,-0.7584234324210546,-1.1695740390673384,Risk: Generative AI (Near-Term),19-1011.00,2470,60330.0
Food Scientists and Technologists,3.855,1.1866666666666668,3.3533333333333335,1.5833333333333333,3,2,0,High (Insulated),1.271036893783447,-0.4703512302208076,0.8156518953126434,-0.34557111242847466,-1.161223007741118,Insulated: High-Social,19-1012.00,14200,63950.0
Soil and Plant Scientists,4.043333333333333,1.6666666666666667,2.9783333333333335,1.29,3,2,0,Low,1.5364266205887591,0.012080224495345652,0.15613892466097015,-0.6670844235731387,-0.8232233482341088,Risk: Generative AI (Near-Term),19-1013.00,14690,62300.0
Biochemists and Biophysicists,4.3950000000000005,0.9783333333333334,3.081666666666667,1.0833333333333333,3,2,0,Low,2.03197734940222,-0.6797398824413603,0.3378713876849871,-0.8936051655159705,-1.2314765532009575,Risk: Generative AI (Near-Term),19-1021.00,29200,82180.0
Microbiologists,3.936666666666667,1.4183333333333332,3.186666666666667,1.79,0,2,0,Low,1.3861173947875212,-0.23751104895155326,0.5225350194674555,-0.11905037048564292,-0.6415853899530984,Risk: Generative AI (Near-Term),19-1022.00,21670,66850.0
Zoologists and Wildlife Biologists,3.6233333333333335,1.7716666666666665,3.186666666666667,2.0833333333333335,0,3,0,Low,0.9445840439963814,0.11761210521450394,0.5225350194674555,0.2024629406590214,-0.32007207880843414,Risk: Generative AI (Near-Term),19-1023.00,17720,60520.0
Conservation Scientists,3.4150000000000005,2.02,3.1033333333333335,1.7933333333333332,0,3,0,Low,0.6510113373533369,0.36720337866140285,0.37597658154486124,-0.11539681013172644,-0.49137339167658767,Risk: Generative AI (Near-Term),19-1031.00,20470,61810.0
Foresters,3.8733333333333335,2.186666666666667,3.3966666666666665,2.0866666666666664,0,1,0,High (Insulated),1.2968712919680352,0.5347143004378453,0.8918622830323918,0.20611650101293763,-0.6857457820194541,Insulated: High-Social,19-1032.00,8420,58700.0
Epidemiologists,4.29,0.26999999999999996,3.7066666666666666,0.37666666666666665,3,2,0,High (Insulated),1.8840167052541248,-1.3916612999912392,1.4370596721044417,-1.6681599605462976,-3.1052196326507393,Insulated: High-Social,19-1041.00,5690,70820.0
"Medical Scientists, Except Epidemiologists",4.29,0.8966666666666666,3.188333333333333,1.1666666666666667,3,2,0,Low,1.8840167052541248,-0.761820234111817,0.5254661882259063,-0.8022661566680543,-1.3277323448939606,Risk: Generative AI (Near-Term),19-1042.00,108870,80530.0
Astronomers,3.813333333333333,0.16666666666666666,3.1,0.45999999999999996,3,2,0,Low,1.2123223524548377,-1.4955180714926333,0.37011424402795734,-1.5768209516983818,-1.946935195726339,Insulated: High-Creativity,19-2011.00,1830,104740.0
Physicists,4.669999999999999,0.3333333333333333,3.395,0.0,3,2,0,High (Insulated),2.4194933221710375,-1.3280071497161914,0.8889311142739402,-2.0810122805388778,-2.9699433948128178,Insulated: High-Social,19-2012.00,16680,115870.0
Atmospheric and Space Scientists,3.77,0.16833333333333333,3.063333333333333,0.71,3,2,0,Low,1.1512592294730848,-1.4938429622748688,0.30562853134201523,-1.302803925154634,-1.6084324564966492,Insulated: High-Creativity,19-2021.00,9800,92460.0
Chemists,3.77,1.4583333333333333,2.668333333333333,1.79,0,1,0,Low,1.1512592294730848,-0.19730842772520713,-0.3890584644110806,-0.11905037048564292,0.2700080939254377,Risk: Generative AI (Near-Term),19-2031.00,86660,73740.0
Materials Scientists,3.75,0.4166666666666667,2.9350000000000005,1.17,3,2,0,Low,1.1230762496353524,-1.2442516888279702,0.07992853694122182,-0.7986125963141378,-0.8785411332553597,Risk: Generative AI (Near-Term),19-2032.00,7750,99430.0
"Environmental Scientists and Specialists, Including Health",3.7900000000000005,0.6683333333333333,3.311666666666667,1.21,3,2,0,High (Insulated),1.1794422093108177,-0.9913101969455427,0.7423726763513466,-0.7547698720671381,-1.4971425484184846,Risk: Generative AI (Near-Term),19-2041.00,84250,68910.0
"Geoscientists, Except Hydrologists and Geographers",3.9166666666666665,1.0233333333333332,2.895,1.5833333333333333,3,2,0,Low,1.357934414949788,-0.6345119335617211,0.009580486738375828,-0.34557111242847466,-0.35515159916685046,Risk: Generative AI (Near-Term),19-2042.00,30420,89780.0
Hydrologists,4.0200000000000005,1.5183333333333333,3.061666666666667,1.1666666666666667,3,2,0,Low,1.5035464774447393,-0.13700449588568792,0.30269736258356444,-0.8022661566680543,-1.1049635192516187,Risk: Generative AI (Near-Term),19-2043.00,6300,80480.0
Economists,4.1450000000000005,0.06333333333333334,3.02,0.5833333333333334,3,2,0,Low,1.6796901014305663,-1.5993748429940275,0.22941814362226692,-1.441639218603466,-1.671057362225733,Insulated: High-Creativity,19-3011.00,19380,101050.0
Survey Researchers,3.706666666666667,0.375,3.1033333333333335,0.8733333333333334,3,2,0,Low,1.0620131266535995,-1.2861294192720807,0.37597658154486124,-1.1237794678127186,-1.49975604935758,Insulated: High-Creativity,19-3022.00,11930,54470.0
Industrial-Organizational Psychologists,4.208333333333333,0.125,3.7716666666666665,0.4166666666666667,3,2,0,High (Insulated),1.7689362042500507,-1.537395801936744,1.551375253684065,-1.624317236299298,-3.175692489983363,Insulated: High-Social,19-3032.00,1020,82760.0
Sociologists,3.688333333333333,0.02,3.355,0.4566666666666667,3,2,0,High (Insulated),1.0361787284690107,-1.6429276826559025,0.8185830640710949,-1.5804745120522983,-2.3990575761233934,Insulated: High-Social,19-3041.00,2870,79750.0
Urban and Regional Planners,4.0200000000000005,0.2916666666666667,3.418333333333333,0.75,3,2,0,High (Insulated),1.5035464774447393,-1.3698848801603016,0.9299674768922659,-1.258961200907634,-2.1889286777999,Insulated: High-Social,19-3051.00,34810,70020.0
Anthropologists and Archeologists,3.5216666666666665,0.9183333333333333,3.063333333333333,0.96,3,3,0,Low,0.801320563154575,-0.7400438142808795,0.30562853134201523,-1.028786898610886,-1.3344154299529012,Insulated: High-Creativity,19-3091.00,6470,63190.0
Geographers,3.5383333333333336,0.18833333333333332,2.98,0.7066666666666667,3,2,0,Low,0.8248063796860191,-1.473741651661696,0.15907009341942172,-1.3064574855085505,-1.4655275789279723,Insulated: High-Creativity,19-3092.00,1370,74260.0
Historians,2.77,0.54,2.8766666666666665,1.0033333333333332,2,3,0,Low,-0.2578897624135308,-1.120293606713403,-0.02266236960459522,-0.9812906140099699,-0.9586282444053746,Risk: Generative AI (Near-Term),19-3093.00,2950,55110.0
Political Scientists,3.73,0.08333333333333333,3.188333333333333,0.5833333333333334,3,2,0,Low,1.0948932697976201,-1.5792735323808544,0.5254661882259063,-1.441639218603466,-1.9671054068293725,Insulated: High-Creativity,19-3094.00,6350,114290.0
Biological Technicians,3.3966666666666665,1.7916666666666667,2.2483333333333335,1.8766666666666667,2,1,0,Low,0.6251769391687481,0.13771341582767724,-1.1277129915409538,-0.02405780128381032,1.1036551902571434,Risk: Generative AI (Near-Term),19-4021.00,74720,42520.0
Chemical Technicians,3.2883333333333336,2.2733333333333334,2.77,2.4166666666666665,0,1,0,Low,0.4725191317143652,0.621819979761595,-0.21025717014551526,0.5678189760506849,0.7780761461962001,Risk: Robotics (Medium-Term),19-4031.00,65510,45840.0
Nuclear Technicians,3.105,1.8950000000000002,2.956666666666667,2.5833333333333335,0,1,0,Low,0.21417514986848538,0.2415701873290715,0.11803373080109598,0.7504969937465171,0.6324632629454211,Risk: Robotics (Medium-Term),19-4051.00,6840,79140.0
Social Science Research Assistants,3.186666666666667,0.5016666666666666,2.6899999999999995,0.75,2,3,0,Low,0.3292556508725595,-1.158821118721985,-0.35095327055120645,-1.258961200907634,-0.9080079303564277,Insulated: High-Creativity,19-4061.00,30030,43190.0
Forensic Science Technicians,3.353333333333333,2.123333333333333,2.9583333333333335,2.21,0,1,0,Low,0.5641138161869945,0.4710601501627967,0.12096489955954755,0.3412982341078535,0.22033333454830595,Risk: Generative AI (Near-Term),19-4092.00,14800,56750.0
Substance Abuse and Behavioral Disorder Counselors,3.3533333333333335,0.9783333333333334,3.855,1.3366666666666667,3,2,0,High (Insulated),0.5641138161869952,-0.6797398824413603,1.6979336916066594,-0.6159345786183058,-2.3138682702249653,Insulated: High-Social,21-1011.00,91040,41070.0
"Educational, Guidance, and Career Counselors and Advisors",3.3966666666666665,0.06166666666666667,3.8533333333333335,0.5833333333333334,3,2,0,High (Insulated),0.6251769391687481,-1.6010499522117918,1.6950025228482077,-1.441639218603466,-3.136641741451674,Insulated: High-Social,21-1012.00,260670,54560.0
Marriage and Family Therapists,3.688333333333333,0.3333333333333333,4.1033333333333335,0.5833333333333334,3,2,0,High (Insulated),1.0361787284690107,-1.3280071497161914,2.1346778366159898,-1.441639218603466,-3.576317055219456,Insulated: High-Social,21-1013.00,36960,49170.0
Mental Health Counselors,3.686666666666667,0.665,3.9983333333333335,0.4166666666666667,3,2,0,High (Insulated),1.0338301468158673,-0.9946604153810714,1.9500142048335214,-1.624317236299298,-3.574331441132819,Insulated: High-Social,21-1014.00,139820,42840.0
Rehabilitation Counselors,3.393333333333334,0.6233333333333334,3.75,0.6233333333333334,3,2,0,High (Insulated),0.6204797758624605,-1.036538145825182,1.5132700598241908,-1.3977964943564665,-2.9110665541806573,Insulated: High-Social,21-1015.00,103030,34670.0
"Child, Family, and School Social Workers",3.375,1.06,3.9583333333333335,1.1633333333333333,3,2,0,High (Insulated),0.5946453776778716,-0.5976595307709036,1.8796661546306763,-0.805919717021971,-2.6855858716526475,Insulated: High-Social,21-1021.00,298840,43250.0
Healthcare Social Workers,3.313333333333333,0.855,3.9166666666666665,0.6266666666666666,3,2,0,High (Insulated),0.5077478565115299,-0.8036979645559275,1.8063869356693787,-1.3941429340025497,-3.2005298696719287,Insulated: High-Social,21-1022.00,159310,53760.0
Mental Health and Substance Abuse Social Workers,3.4583333333333335,0.685,4.123333333333334,0.4566666666666667,3,2,0,High (Insulated),0.7120744603350898,-0.9745591047678983,2.1698518617174134,-1.5804745120522983,-3.7503263737697115,Insulated: High-Social,21-1023.00,114040,42700.0
Health Education Specialists,3.1033333333333335,1.0633333333333332,3.3333333333333335,1.2466666666666668,3,3,0,High (Insulated),0.2118265682153413,-0.594309312335375,0.7804778702112208,-0.7145807081740548,-1.4950585783852757,Insulated: High-Social,21-1091.00,57570,53070.0
Probation Officers and Correctional Treatment Specialists,3.105,1.6233333333333337,3.5833333333333335,1.4566666666666668,0,3,0,High (Insulated),0.21417514986848538,-0.03147261516652896,1.220153183979003,-0.4844064058773067,-1.7045595898563097,Insulated: High-Social,21-1092.00,87500,50160.0
Social and Human Service Assistants,3.081666666666667,0.98,3.5,1.1666666666666667,3,3,0,High (Insulated),0.18129500672446486,-0.6780647732235959,1.0735947460564086,-0.8022661566680543,-1.875860902724463,Insulated: High-Social,21-1093.00,360650,31810.0
Community Health Workers,3.2916666666666665,2.063333333333333,3.686666666666667,2.17,0,1,0,High (Insulated),0.47721629502065344,0.41075621832327747,1.4018856470030199,0.29745550986085373,-1.104430137142166,Insulated: High-Social,21-1094.00,51900,37330.0
Clergy,3.23,0.105,4.1466666666666665,0.4566666666666667,3,2,0,High (Insulated),0.39031877385431235,-1.5574971125499169,2.210888224335738,-1.5804745120522983,-3.7913627363880362,Insulated: High-Social,21-2011.00,49320,45740.0
"Directors, Religious Activities and Education",3.1666666666666665,0.25,3.688333333333333,0.6666666666666666,3,2,0,High (Insulated),0.3010726710348265,-1.4117626106044123,1.4048168157614707,-1.35030020975555,-2.7551170255170208,Insulated: High-Social,21-2021.00,20590,38610.0
Lawyers,3.813333333333333,0.2066666666666667,3.8966666666666665,0.4566666666666667,3,2,0,High (Insulated),1.2123223524548377,-1.455315450266287,1.7712129105679562,-1.5804745120522983,-3.3516874226202544,Insulated: High-Social,23-1011.00,619530,118160.0
Judicial Law Clerks,3.2499999999999996,0.355,2.98,0.9166666666666666,3,3,0,Low,0.41850175369204407,-1.3062307298852538,0.15907009341942172,-1.0762831832118023,-1.235353276631224,Insulated: High-Creativity,23-1012.00,13410,51760.0
"Administrative Law Judges, Adjudicators, and Hearing Officers",3.668333333333333,0.4166666666666667,3.293333333333333,0.9566666666666667,3,2,0,Low,1.0079957486312783,-1.2442516888279702,0.7101298200083748,-1.0324404589648026,-1.7425702789731774,Insulated: High-Creativity,23-1021.00,14540,92110.0
"Arbitrators, Mediators, and Conciliators",3.2283333333333335,0.041666666666666664,3.6666666666666665,0.71,3,2,0,High (Insulated),0.38797019220116824,-1.621151262824965,1.3667116219015965,-1.302803925154634,-2.66951554705623,Insulated: High-Social,23-1022.00,6300,59770.0
"Judges, Magistrate Judges, and Magistrates",4.0616666666666665,0.22666666666666666,3.4583333333333335,0.71,3,2,0,High (Insulated),1.5622610187733474,-1.4352141396531144,1.0003155270951118,-1.302803925154634,-2.303119452249746,Insulated: High-Social,23-1023.00,27210,125880.0
Paralegals and Legal Assistants,2.6033333333333335,0.4166666666666667,2.7916666666666665,0.9166666666666666,2,3,0,Low,-0.4927479277279665,-1.2442516888279702,-0.1721519762856411,-1.0762831832118023,-0.9041312069261611,Insulated: High-Creativity,23-2011.00,277310,49500.0
"Title Examiners, Abstractors, and Searchers",2.518333333333334,0.4383333333333333,2.543333333333333,1.3733333333333333,2,3,0,Low,-0.6125255920383281,-1.2224752689970328,-0.6088961212949717,-0.5757454147252228,0.033150706569748944,Risk: Generative AI (Near-Term),23-2093.00,54560,45800.0
"Business Teachers, Postsecondary",3.7083333333333335,0.16666666666666666,3.2716666666666665,0.6233333333333334,3,2,0,Low,1.0643617083067436,-1.4955180714926333,0.6720246261485007,-1.3977964943564665,-2.069821120504967,Insulated: High-Creativity,25-1011.00,83030,77490.0
"Computer Science Teachers, Postsecondary",3.8766666666666665,0.3333333333333333,3.4583333333333335,0.71,3,2,0,High (Insulated),1.3015684552743234,-1.3280071497161914,1.0003155270951118,-1.302803925154634,-2.303119452249746,Insulated: High-Social,25-1021.00,32540,77570.0
"Mathematical Science Teachers, Postsecondary",3.645,0.10333333333333333,3.145,0.5833333333333334,3,2,0,Low,0.9751156054872578,-1.5591722217676813,0.449255800506158,-1.441639218603466,-1.890895019109624,Insulated: High-Creativity,25-1022.00,52020,69520.0
"Architecture Teachers, Postsecondary",3.7916666666666665,0.25,3.4783333333333335,0.5433333333333333,3,2,0,High (Insulated),1.1817907909639611,-1.4117626106044123,1.0354895521965346,-1.485481942850466,-2.5209714950470006,Insulated: High-Social,25-1031.00,7370,79250.0
"Engineering Teachers, Postsecondary",3.7516666666666665,0.20833333333333334,3.313333333333333,0.5366666666666667,3,2,0,High (Insulated),1.1254248312884965,-1.4536403410485228,0.7453038451097974,-1.4927890635582988,-2.2380929086680963,Insulated: High-Creativity,25-1032.00,38000,97530.0
"Agricultural Sciences Teachers, Postsecondary",3.6466666666666665,1.105,3.313333333333333,1.3333333333333333,3,2,0,High (Insulated),0.977464187140402,-0.5524315818912643,0.7453038451097974,-0.6195881389722225,-1.36489198408202,Risk: Generative AI (Near-Term),25-1041.00,10340,91580.0
"Biological Science Teachers, Postsecondary",3.601666666666667,0.4166666666666667,3.2533333333333334,0.8733333333333334,3,2,0,Low,0.914052482505505,-1.2442516888279702,0.6397817698055304,-1.1237794678127186,-1.763561237618249,Insulated: High-Creativity,25-1042.00,50820,76650.0
"Forestry and Conservation Science Teachers, Postsecondary",3.52,0.45999999999999996,3.398333333333333,1.0833333333333333,3,2,0,High (Insulated),0.7989719815014309,-1.2006988491660953,0.8947934517908434,-0.8936051655159705,-1.7883986173068138,Insulated: High-Social,25-1043.00,1750,85880.0
"Atmospheric, Earth, Marine, and Space Sciences Teachers, Postsecondary",3.8333333333333335,0.20833333333333334,3.3733333333333335,0.4566666666666667,3,2,0,High (Insulated),1.2405053322925705,-1.4536403410485228,0.850825920414066,-1.5804745120522983,-2.4313004324663643,Insulated: High-Social,25-1051.00,10850,85410.0
"Chemistry Teachers, Postsecondary",3.645,0.3333333333333333,3.23,0.5833333333333334,3,2,0,Low,0.9751156054872578,-1.3280071497161914,0.5987454071872039,-1.441639218603466,-2.04038462579067,Insulated: High-Creativity,25-1052.00,21250,76750.0
"Environmental Science Teachers, Postsecondary",3.561666666666667,0.10333333333333333,3.375,0.5833333333333334,3,2,0,High (Insulated),0.8576865228300403,-1.5591722217676813,0.8537570891725176,-1.441639218603466,-2.2953963077759836,Insulated: High-Social,25-1053.00,5520,78340.0
"Physics Teachers, Postsecondary",3.813333333333333,0.5216666666666666,3.186666666666667,1.0433333333333332,3,2,0,Low,1.2123223524548377,-1.138719808108812,0.5225350194674555,-0.9374478897629701,-1.4599829092304257,Risk: Generative AI (Near-Term),25-1054.00,14160,84570.0
"Anthropology and Archeology Teachers, Postsecondary",3.688333333333333,0.3116666666666667,3.3533333333333335,0.54,3,2,0,High (Insulated),1.0361787284690107,-1.3497835695471285,0.8156518953126434,-1.4891355032043825,-2.3047873985170257,Insulated: High-Social,25-1061.00,5700,81350.0
"Area, Ethnic, and Cultural Studies Teachers, Postsecondary",3.268333333333333,0.125,3.1466666666666665,0.5,3,2,0,Low,0.4443361518766323,-1.537395801936744,0.45218696926460955,-1.5329782274513821,-1.9851651967159918,Insulated: High-Creativity,25-1062.00,9060,73020.0
"Economics Teachers, Postsecondary",3.601666666666667,0.25,3.02,0.75,3,2,0,Low,0.914052482505505,-1.4117626106044123,0.22941814362226692,-1.258961200907634,-1.488379344529901,Insulated: High-Creativity,25-1063.00,13060,95770.0
"Geography Teachers, Postsecondary",3.3966666666666665,0.125,3.4166666666666665,0.5433333333333333,3,2,0,High (Insulated),0.6251769391687481,-1.537395801936744,0.9270363081338143,-1.485481942850466,-2.4125182509842804,Insulated: High-Social,25-1064.00,4140,76810.0
"Political Science Teachers, Postsecondary",3.375,0.08333333333333333,3.311666666666667,0.6666666666666666,3,2,0,High (Insulated),0.5946453776778716,-1.5792735323808544,0.7423726763513466,-1.35030020975555,-2.0926728861068966,Insulated: High-Creativity,25-1065.00,16720,79210.0
"Psychology Teachers, Postsecondary",3.6233333333333335,0.12333333333333334,3.355,0.6233333333333334,3,2,0,High (Insulated),0.9445840439963814,-1.5390709111545084,0.8185830640710949,-1.3977964943564665,-2.2163795584275614,Insulated: High-Social,25-1066.00,37640,73140.0
"Sociology Teachers, Postsecondary",3.4983333333333335,0.12333333333333334,3.3350000000000004,0.71,3,2,0,High (Insulated),0.7684404200105545,-1.5390709111545084,0.7834090389696732,-1.302803925154634,-2.0862129641243072,Insulated: High-Social,25-1067.00,14580,71840.0
"Health Specialties Teachers, Postsecondary",3.4599999999999995,0.915,3.436666666666667,1.04,3,2,0,High (Insulated),0.7144230419882333,-0.7433940327164082,0.9622103332352377,-0.9411014501168866,-1.9033117833521245,Insulated: High-Social,25-1071.00,186740,99360.0
"Nursing Instructors and Teachers, Postsecondary",3.605,1.6849999999999998,3.7283333333333335,1.1266666666666667,3,1,0,High (Insulated),0.9187496458117932,0.03050642589075404,1.4751648659643166,-0.846108880915054,-2.3212737468793705,Insulated: High-Social,25-1072.00,56210,69130.0
"Education Teachers, Postsecondary",3.4583333333333335,0.3316666666666667,3.2516666666666665,0.8333333333333334,3,2,0,Low,0.7120744603350898,-1.3296822589339556,0.636850601047078,-1.1676221920597183,-1.8044727931067963,Insulated: High-Creativity,25-1081.00,58850,62520.0
"Library Science Teachers, Postsecondary",3.4599999999999995,0.21,3.206666666666667,0.75,3,2,0,Low,0.7144230419882333,-1.4519652318307585,0.5577090445688782,-1.258961200907634,-1.8166702454765122,Insulated: High-Creativity,25-1082.00,4870,68410.0
"Criminal Justice and Law Enforcement Teachers, Postsecondary",3.311666666666666,0.10333333333333333,3.27,0.75,3,2,0,Low,0.5053992748583851,-1.5591722217676813,0.6690934573900491,-1.258961200907634,-1.9280546582976832,Insulated: High-Creativity,25-1111.00,14620,59590.0
"Law Teachers, Postsecondary",3.581666666666667,0.14666666666666667,3.395,0.5,3,2,0,High (Insulated),0.8858695026677726,-1.5156193821058064,0.8889311142739402,-1.5329782274513821,-2.421909341725322,Insulated: High-Social,25-1112.00,16010,111210.0
"Social Work Teachers, Postsecondary",3.5016666666666665,0.14666666666666667,3.688333333333333,0.5433333333333333,3,2,0,High (Insulated),0.7731375833168427,-1.5156193821058064,1.4048168157614707,-1.485481942850466,-2.8902987586119364,Insulated: High-Social,25-1113.00,11860,64030.0
"Art, Drama, and Music Teachers, Postsecondary",3.1466666666666665,0.9983333333333334,3.375,1.1266666666666667,3,3,0,High (Insulated),0.27288969119709416,-0.6596385718281872,0.8537570891725176,-0.846108880915054,-1.6998659700875716,Insulated: High-Social,25-1121.00,99020,68650.0
"Communications Teachers, Postsecondary",3.311666666666667,0.10333333333333333,3.3733333333333335,0.71,3,2,0,High (Insulated),0.5053992748583864,-1.5591722217676813,0.850825920414066,-1.302803925154634,-2.1536298455687,Insulated: High-Social,25-1122.00,28180,65640.0
"English Language and Literature Teachers, Postsecondary",3.188333333333333,0.041666666666666664,3.395,0.5,3,2,0,High (Insulated),0.3316042325257029,-1.621151262824965,0.8889311142739402,-1.5329782274513821,-2.421909341725322,Insulated: High-Social,25-1123.00,71270,63730.0
"Foreign Language and Literature Teachers, Postsecondary",3.168333333333333,0.10333333333333333,3.206666666666667,0.6666666666666666,3,2,0,Low,0.3034212526879706,-1.5591722217676813,0.5577090445688782,-1.35030020975555,-1.9080092543244282,Insulated: High-Creativity,25-1124.00,28720,63500.0
"History Teachers, Postsecondary",3.23,0.041666666666666664,3.375,0.71,3,2,0,High (Insulated),0.39031877385431235,-1.621151262824965,0.8537570891725176,-1.302803925154634,-2.1565610143271514,Insulated: High-Social,25-1125.00,21800,71820.0
"Philosophy and Religion Teachers, Postsecondary",3.351666666666667,0.10333333333333333,3.23,0.6666666666666666,3,2,0,Low,0.5617652345338511,-1.5591722217676813,0.5987454071872039,-1.35030020975555,-1.9490456169427541,Insulated: High-Creativity,25-1126.00,23180,68360.0
"Family and Consumer Sciences Teachers, Postsecondary",3.3733333333333335,0.25,3.1466666666666665,0.6633333333333334,3,2,0,Low,0.5922967960247275,-1.4117626106044123,0.45218696926460955,-1.3539537701094668,-1.8061407393740763,Insulated: High-Creativity,25-1192.00,2970,69190.0
"Recreation and Fitness Studies Teachers, Postsecondary",3.3533333333333335,0.45999999999999996,3.4166666666666665,0.8366666666666666,3,2,0,High (Insulated),0.5641138161869952,-1.2006988491660953,0.9270363081338143,-1.1639686317058016,-2.0910049398396158,Insulated: High-Social,25-1193.00,17390,59180.0
"Career/Technical Education Teachers, Postsecondary",2.9150000000000005,1.6666666666666667,3.2083333333333335,2.0833333333333335,0,3,0,Low,-0.05356315858997086,0.012080224495345652,0.5606402133273297,0.2024629406590214,-0.35817727266830834,Risk: Robotics (Medium-Term),25-1194.00,116430,50660.0
"Preschool Teachers, Except Special Education",2.5400000000000005,1.8549999999999998,3.2283333333333335,0.7933333333333333,2,1,0,Low,-0.5819940305474517,0.2013675661027249,0.5958142384287524,-1.211464916306718,-1.8072791547354703,Insulated: High-Creativity,25-2011.00,385550,28790.0
"Kindergarten Teachers, Except Special Education",3.081666666666667,1.5433333333333332,3.331666666666667,0.8733333333333334,3,3,0,High (Insulated),0.18129500672446486,-0.11187785761922169,0.7775467014527693,-1.1237794678127186,-1.901326169265488,Insulated: High-Social,25-2012.00,151290,52620.0
"Elementary School Teachers, Except Special Education",3.25,0.96,3.5416666666666665,0.49666666666666676,3,2,0,High (Insulated),0.4185017536920447,-0.6981660838367689,1.1468739650177053,-1.5366317878052986,-2.683505752823004,Insulated: High-Social,25-2021.00,1392660,55800.0
"Middle School Teachers, Except Special and Career/Technical Education",3.188333333333333,0.4183333333333333,3.5,0.8333333333333334,3,2,0,High (Insulated),0.3316042325257029,-1.242576579610206,1.0735947460564086,-1.1676221920597183,-2.2412169381161267,Insulated: High-Social,25-2022.00,626310,56720.0
"Career/Technical Education Teachers, Middle School",3.063333333333333,1.4799999999999998,3.311666666666667,1.4566666666666668,0,3,0,High (Insulated),0.15546060853987598,-0.17553200789426981,0.7423726763513466,-0.4844064058773067,-1.2267790822286533,Risk: Generative AI (Near-Term),25-2023.00,12730,57560.0
"Secondary School Teachers, Except Special and Career/Technical Education",3.3733333333333335,0.4166666666666667,3.48,0.5,3,2,0,High (Insulated),0.5922967960247275,-1.2442516888279702,1.038420720954986,-1.5329782274513821,-2.571398948406368,Insulated: High-Social,25-2031.00,1003250,58030.0
"Career/Technical Education Teachers, Secondary School",3.2716666666666665,1.9166666666666667,3.6650000000000005,1.5,0,1,0,High (Insulated),0.4490333151829211,0.2633466071600088,1.3637804531431457,-0.4369101212763905,-1.8006905744195363,Insulated: High-Social,25-2032.00,80100,57320.0
"Special Education Teachers, Preschool",3.17,1.75,3.375,0.9166666666666666,0,3,0,High (Insulated),0.3057698343411153,0.09583568538356663,0.8537570891725176,-1.0762831832118023,-1.93004027238432,Insulated: High-Social,25-2051.00,28140,52460.0
"Adult Basic Education, Adult Secondary Education, and English as a Second Language Instructors",3.0016666666666665,0.22999999999999998,3.395,0.71,3,2,0,High (Insulated),0.06856308737353488,-1.4318639212175854,0.8889311142739402,-1.302803925154634,-2.191735039428574,Insulated: High-Social,25-3011.00,58810,50650.0
Self-Enrichment Teachers,2.52,1.1466666666666667,2.8966666666666665,1.1666666666666667,2,3,0,Low,-0.6101770103851847,-0.5105538514471537,0.012511655496827387,-0.8022661566680543,-0.8147778121648818,Risk: Robotics (Medium-Term),25-3021.00,229840,37330.0
Archivists,3.0416666666666665,1.3533333333333335,2.8350000000000004,1.0,2,3,0,Low,0.12492904704899956,-0.30284030844436544,-0.0959415885658912,-0.9849441743638863,-0.8890025857979951,Risk: Generative AI (Near-Term),25-4011.00,5760,50500.0
Curators,3.7099999999999995,1.375,3.418333333333333,0.5033333333333333,3,2,0,High (Insulated),1.066710289959887,-0.2810638886134281,0.9299674768922659,-1.5293246670974656,-2.4592921439897317,Insulated: High-Social,25-4012.00,11170,53360.0
Museum Technicians and Conservators,2.98,2.165,2.831666666666667,2.0866666666666664,0,1,0,Low,0.03803152588265844,0.5129378806069075,-0.10180392608279511,0.20611650101293763,0.30792042709573275,Risk: Robotics (Medium-Term),25-4013.00,10970,40040.0
Library Technicians,2.2716666666666665,1.748333333333333,2.5849999999999995,1.67,2,1,0,Low,-0.9601156767036945,0.09416057616580195,-0.535616902333675,-0.250578543226642,0.28503835910703296,Risk: Robotics (Medium-Term),25-4031.00,93410,32890.0
Farm and Home Management Educators,3.8349999999999995,1.0416666666666667,3.795,1.75,3,2,0,High (Insulated),1.242853913945714,-0.6160857321663122,1.5924116163023916,-0.16289309473264263,-1.7553047110350342,Insulated: High-Social,25-9021.00,8620,49490.0
Instructional Coordinators,3.7716666666666665,0.375,3.751666666666667,0.5,3,2,0,High (Insulated),1.153607811126229,-1.2861294192720807,1.5162012285826432,-1.5329782274513821,-3.0491794560340253,Insulated: High-Social,25-9031.00,147330,62460.0
Art Directors,3.5216666666666665,0.6866666666666666,3.4600000000000004,0.79,3,2,0,High (Insulated),0.801320563154575,-0.972883995550134,1.0032466958535642,-1.2151184766606344,-2.218365172514199,Insulated: High-Social,27-1011.00,36210,89820.0
Craft Artists,2.3733333333333335,2.4599999999999995,2.2100000000000004,2.2066666666666666,1,0,0,Low,-0.8168521958618881,0.8094322121512095,-1.1951298729853466,0.33764467375393675,1.5327745467392833,Risk: Robotics (Medium-Term),27-1012.00,5070,33440.0
"Fine Artists, Including Painters, Sculptors, and Illustrators",2.438333333333333,2.105,2.021666666666667,1.6266666666666667,1,0,0,Low,-0.7252575113892588,0.45263394876738827,-1.5263519426904095,-0.29807482782755823,1.2282771148628513,Risk: Robotics (Medium-Term),27-1013.00,11520,50790.0
Special Effects Artists and Animators,3.0416666666666665,0.8533333333333334,3.063333333333333,1.5433333333333332,2,3,0,Low,0.12492904704899956,-0.8053730737736918,0.30562853134201523,-0.38941383667547436,-0.6950423680174895,Risk: Generative AI (Near-Term),27-1014.00,29810,65300.0
Commercial and Industrial Designers,3.7099999999999995,0.8733333333333334,3.0833333333333335,1.2033333333333334,3,3,0,Low,1.066710289959887,-0.7852717631605187,0.34080255644343865,-0.7620769927749713,-1.10287954921841,Risk: Generative AI (Near-Term),27-1021.00,31860,67790.0
Fashion Designers,3.2083333333333335,1.02,3.3533333333333335,1.25,3,3,0,High (Insulated),0.3597872123634359,-0.6378621519972497,0.8156518953126434,-0.7109271478201384,-1.5265790431327817,Insulated: High-Social,27-1022.00,19230,65170.0
Floral Designers,2.3349999999999995,1.665,2.7516666666666665,1.25,2,1,0,Low,-0.8708695738842093,0.010405115277581192,-0.24250002648848631,-0.7109271478201384,-0.4684271213316521,Risk: Robotics (Medium-Term),27-1023.00,43990,25850.0
Graphic Designers,2.875,0.7716666666666666,3.06,1.0833333333333333,2,3,0,Low,-0.10992911826543617,-0.8874534254441486,0.2997661938251121,-0.8936051655159705,-1.1933713593410826,Risk: Generative AI (Near-Term),27-1024.00,210710,47640.0
Interior Designers,3.313333333333333,0.08333333333333333,3.52,0.5433333333333333,3,2,0,High (Insulated),0.5077478565115299,-1.5792735323808544,1.1087687711578313,-1.485481942850466,-2.5942507140082975,Insulated: High-Social,27-1025.00,53160,49810.0
Merchandise Displayers and Window Trimmers,2.606666666666667,2.7916666666666665,2.7516666666666665,1.6666666666666667,0,1,0,Low,-0.48805076442167766,1.1427789464863296,-0.24250002648848631,-0.25423210358055853,-0.011732077092072218,Risk: Robotics (Medium-Term),27-1026.00,114690,26700.0
Set and Exhibit Designers,3.23,1.5633333333333332,3.1650000000000005,1.6233333333333333,0,3,0,Low,0.39031877385431235,-0.09177654700604862,0.4844298256075814,-0.30172838818147496,-0.7861582137890564,Risk: Generative AI (Near-Term),27-1027.00,12060,50990.0
Producers and Directors,3.4783333333333335,0.9983333333333334,3.5649999999999995,1.42,3,2,0,High (Insulated),0.7402574401728221,-0.6596385718281872,1.1879103276360312,-0.5245955697703899,-1.7125058974064211,Insulated: High-Social,27-2012.00,114510,70950.0
Athletes and Sports Competitors,2.48,3.688333333333333,2.8966666666666665,2.1666666666666665,1,0,0,Low,-0.6665429700606493,2.043987705643588,0.012511655496827387,0.29380194950693705,0.2812902940101097,Risk: Robotics (Medium-Term),27-2021.00,10260,47710.0
Coaches and Scouts,3.6666666666666665,2.3366666666666664,4.1450000000000005,0.9166666666666666,0,1,-1,High (Insulated),1.0056471669781342,0.6854741300366426,2.2079570555772876,-1.0762831832118023,-3.28424023878909,Insulated: High-Social,27-2022.00,230930,31460.0
"Umpires, Referees, and Other Sports Officials",2.5016666666666665,1.8116666666666668,2.77,1.3733333333333333,2,1,0,Low,-0.6360114085697729,0.1578147264408503,-0.21025717014551526,-0.5757454147252228,-0.3654882445797075,Risk: Robotics (Medium-Term),27-2023.00,18660,25660.0
Choreographers,2.75,3.101666666666667,3.5416666666666665,0.45999999999999996,0,1,-1,High (Insulated),-0.2860727422512631,1.4543492609905124,1.1468739650177053,-1.5768209516983818,-2.723694916716087,Insulated: High-Social,27-2032.00,5160,48240.0
Music Directors and Composers,2.9783333333333335,1.6233333333333333,3.226666666666667,1.4633333333333332,0,3,0,Low,0.035682944229514346,-0.03147261516652941,0.5928830696703008,-0.47709928516947375,-1.0699823548397744,Risk: Generative AI (Near-Term),27-2041.00,18380,50110.0
Broadcast Announcers and Radio Disc Jockeys,2.5,0.79,3.0216666666666665,1.75,2,3,0,Low,-0.638359990222917,-0.8690272240487399,0.2323493123807185,-0.16289309473264263,-0.3952424071133611,Risk: Generative AI (Near-Term),27-3011.00,29210,31400.0
Public Relations Specialists,3.3733333333333335,0.16666666666666666,3.6233333333333335,0.4566666666666667,3,2,0,High (Insulated),0.5922967960247275,-1.4955180714926333,1.2905012341818483,-1.5804745120522983,-2.8709757462341465,Insulated: High-Social,27-3031.00,226940,58020.0
Editors,3.0416666666666665,0.7083333333333334,3.2716666666666665,0.7066666666666667,3,2,0,Low,0.12492904704899956,-0.9511075757191965,0.6720246261485007,-1.3064574855085505,-1.9784821116570512,Insulated: High-Creativity,27-3041.00,97170,57210.0
Technical Writers,2.355,0.48,2.606666666666666,0.9566666666666667,2,3,0,Low,-0.8426865940464763,-1.1805975385529222,-0.4975117084738008,-1.0324404589648026,-0.5349287504910019,Insulated: High-Creativity,27-3042.00,49780,69850.0
Writers and Authors,2.456666666666667,0.18333333333333335,3.0833333333333335,0.5800000000000001,2,3,0,Low,-0.6994231132046699,-1.4787669793149891,0.34080255644343865,-1.4452927789573826,-1.7860953354008213,Insulated: High-Creativity,27-3043.00,44690,61240.0
Interpreters and Translators,2.5400000000000005,0.855,2.895,0.75,2,3,0,Low,-0.5819940305474517,-0.8036979645559275,0.009580486738375828,-1.258961200907634,-1.2685416876460098,Insulated: High-Creativity,27-3091.00,51350,46120.0
Audio and Video Technicians,2.918333333333333,2.1233333333333335,2.8733333333333335,2.4166666666666665,0,1,0,Low,-0.04886599528368329,0.4710601501627971,-0.028524707121498336,0.5678189760506849,0.5963436831721832,Risk: Robotics (Medium-Term),27-4011.00,69670,42230.0
Broadcast Technicians,2.9583333333333335,1.79,2.605,2.3766666666666665,0,1,0,Low,0.007499964391782008,0.13603830660991278,-0.5004428772322516,0.5239762518036852,1.0244191290359368,Risk: Robotics (Medium-Term),27-4012.00,30330,38550.0
Sound Engineering Technicians,2.9983333333333335,1.4133333333333333,3.0,2.0433333333333334,0,3,0,Low,0.06386592406724668,-0.24253637660484642,0.1942441185208443,0.1586202164120217,-0.0356239021088226,Risk: Generative AI (Near-Term),27-4014.00,15210,53680.0
Photographers,2.648333333333333,1.8566666666666667,2.98,2.1666666666666665,0,1,0,Low,-0.4293362230930695,0.20304267532048959,0.15907009341942172,0.29380194950693705,0.13473185608751534,Risk: Robotics (Medium-Term),27-4021.00,48660,34070.0
"Camera Operators, Television, Video, and Film",2.6633333333333336,2.3333333333333335,2.9599999999999995,2.4566666666666666,0,1,0,Low,-0.40819898821476946,0.6821239116011142,0.12389606831799832,0.6116617002976846,0.4877656319796863,Risk: Robotics (Medium-Term),27-4031.00,21710,55080.0
Film and Video Editors,2.895,0.8333333333333334,2.7900000000000005,1.5,2,3,0,Low,-0.08174613842770383,-0.8254743843868649,-0.17508314504409186,-0.4369101212763905,-0.26182697623229867,Risk: Generative AI (Near-Term),27-4032.00,29880,62760.0
Chiropractors,3.4133333333333336,2.561666666666667,3.313333333333333,1.8766666666666667,0,1,0,High (Insulated),0.6486627557001922,0.91161387443484,0.7453038451097974,-0.02405780128381032,-0.7693616463936077,Risk: Robotics (Medium-Term),29-1011.00,32960,67520.0
"Dentists, General",3.6233333333333335,2.561666666666667,3.73,3.08,0,1,0,High (Insulated),0.9445840439963814,0.91161387443484,1.4780960347227683,1.2948774864800963,-0.18321854824267203,Insulated: High-Social,29-1021.00,105620,153900.0
Prosthodontists,3.2516666666666665,2.081666666666667,3.1033333333333335,2.67,0,1,0,Low,0.4208503353451888,0.42918241971868676,0.37597658154486124,0.8454895629483495,0.4695129814034883,Risk: Robotics (Medium-Term),29-1024.00,750,126050.0
Dietitians and Nutritionists,3.7466666666666666,0.35166666666666674,3.9583333333333335,0.4566666666666667,3,2,0,High (Insulated),1.1183790863290637,-1.3095809483207825,1.8796661546306763,-1.5804745120522983,-3.4601406666829746,Insulated: High-Social,29-1031.00,61430,58920.0
Optometrists,3.5416666666666665,1.3766666666666667,3.4599999999999995,2.3333333333333335,0,1,0,High (Insulated),0.8295035429923073,-0.27938877939566364,1.0032466958535626,0.4764799672027693,-0.5267667286507933,Insulated: High-Social,29-1041.00,36430,106140.0
Pharmacists,3.5649999999999995,1.6049999999999998,3.5416666666666665,1.5,0,1,0,High (Insulated),0.8623836861363279,-0.049898816561938245,1.1468739650177053,-0.4369101212763905,-1.583784086294096,Insulated: High-Social,29-1051.00,305510,122230.0
Physician Assistants,3.768333333333334,2.21,3.8100000000000005,1.4166666666666667,0,1,0,High (Insulated),1.1489106478199413,0.5581658294865468,1.6187921351284595,-0.5282491301243064,-2.147041265252766,Insulated: High-Social,29-1071.00,104050,101480.0
Podiatrists,3.581666666666667,1.625,3.518333333333334,2.0,0,1,0,High (Insulated),0.8858695026677726,-0.029797505948764947,1.1058376023993806,0.11112393181110526,-0.9947136705882753,Insulated: High-Social,29-1081.00,9800,124830.0
Occupational Therapists,3.395,2.355,3.6466666666666665,1.1633333333333333,0,1,0,High (Insulated),0.622828357515604,0.7039003314320514,1.331537596800174,-0.805919717021971,-2.1374573138221447,Insulated: High-Social,29-1122.00,118070,81910.0
Physical Therapists,3.3350000000000004,2.685,3.581666666666667,1.9566666666666668,0,1,0,High (Insulated),0.5382794180024075,1.0355719565494068,1.2172220152205515,0.06362764721018908,-1.1535943680103624,Insulated: High-Social,29-1123.00,216920,85400.0
Radiation Therapists,3.061666666666667,2.46,3.1033333333333335,2.6666666666666665,0,1,0,Low,0.1531120268867325,0.80943221215121,0.37597658154486124,0.8418360025944328,0.46585942104957156,Risk: Robotics (Medium-Term),29-1124.00,17450,80160.0
Recreational Therapists,3.0833333333333335,2.3533333333333335,3.811666666666667,1.2466666666666668,0,1,0,High (Insulated),0.18364358837760894,0.7022252222142872,1.621723303886911,-0.7145807081740548,-2.3363040120609657,Insulated: High-Social,29-1125.00,18100,46410.0
Respiratory Therapists,3.23,2.3350000000000004,3.188333333333333,2.5433333333333334,0,1,0,Low,0.39031877385431235,0.6837990208188788,0.5254661882259063,0.7066542694995175,0.1811880812736112,Risk: Robotics (Medium-Term),29-1126.00,126770,58670.0
Speech-Language Pathologists,3.605,0.5,3.605,0.49666666666666676,3,2,0,High (Insulated),0.9187496458117932,-1.160496227939749,1.2582583778388772,-1.5366317878052986,-2.794890165644176,Insulated: High-Social,29-1127.00,135980,74680.0
Exercise Physiologists,3.4166666666666665,2.145,3.645,1.5833333333333333,0,1,0,High (Insulated),0.6533599190064804,0.49283656999373443,1.3286064280417225,-0.34557111242847466,-1.674177540470197,Insulated: High-Social,29-1128.00,6880,47340.0
Veterinarians,3.601666666666667,2.606666666666667,3.4166666666666665,2.29,0,1,0,High (Insulated),0.914052482505505,0.9568418233144793,0.9270363081338143,0.4289836826018529,-0.49805262553196145,Insulated: High-Social,29-1131.00,67650,88770.0
Registered Nurses,3.355,2.686666666666667,3.648333333333333,2.0,0,1,0,High (Insulated),0.5664623978401393,1.0372470657671715,1.3344687655586254,0.11112393181110526,-1.2233448337475201,Insulated: High-Social,29-1141.00,2857180,68450.0
Nurse Anesthetists,3.6216666666666675,2.1666666666666665,3.625,2.3733333333333335,0,1,0,High (Insulated),0.942235462343238,0.5146129898246717,1.2934324029402997,0.520322691449769,-0.7731097114905308,Insulated: High-Social,29-1151.00,39860,160270.0
Nurse Midwives,3.5016666666666665,2.355,3.5400000000000005,1.71,0,1,0,High (Insulated),0.7731375833168427,0.7039003314320514,1.1439427962592548,-0.20673581897964233,-1.350678615238897,Insulated: High-Social,29-1161.00,6270,99770.0
Nurse Practitioners,3.641666666666667,2.27,3.8966666666666665,1.71,0,1,0,High (Insulated),0.9704184421809696,0.618469761326066,1.7712129105679562,-0.20673581897964233,-1.9779487295475984,Insulated: High-Social,29-1171.00,150230,100910.0
Audiologists,3.5833333333333335,1.25,3.563333333333333,2.0433333333333334,0,1,0,High (Insulated),0.8882180843209168,-0.4066970799457597,1.1849791588775795,0.1586202164120217,-1.026358942465558,Insulated: High-Social,29-1181.00,12310,75980.0
Medical and Clinical Laboratory Technologists,3.293333333333333,2.165,2.98,2.54,0,1,0,Low,0.47956487667379755,0.5129378806069075,0.15907009341942172,0.7030007091456008,0.5439306157261791,Risk: Robotics (Medium-Term),29-2011.00,166730,61070.0
Medical and Clinical Laboratory Technicians,2.8349999999999995,2.25,2.7083333333333335,2.4566666666666666,0,1,0,Low,-0.16629507794090145,0.5983684507128929,-0.31871041420823465,0.6116617002976846,0.9303721145059193,Risk: Robotics (Medium-Term),29-2012.00,160190,38950.0
Cardiovascular Technologists and Technicians,3.0400000000000005,2.23,2.9166666666666665,2.6233333333333335,0,1,0,Low,0.12258046539585608,0.5782671400997199,0.04768568059824999,0.7943397179935169,0.7466540373952669,Risk: Robotics (Medium-Term),29-2031.00,53760,55570.0
Diagnostic Medical Sonographers,2.77,2.355,3.06,2.5833333333333335,0,1,0,Low,-0.2578897624135308,0.7039003314320514,0.2997661938251121,0.7504969937465171,0.450730799921405,Risk: Robotics (Medium-Term),29-2032.00,65790,69650.0
Nuclear Medicine Technologists,2.875,2.233333333333333,3.105,2.5,0,1,0,Low,-0.10992911826543617,0.5816173585352483,0.3789077503033128,0.659157984898601,0.2802502345952882,Risk: Robotics (Medium-Term),29-2033.00,19650,74350.0
Radiologic Technologists and Technicians,2.5416666666666665,2.293333333333333,2.8516666666666666,2.6266666666666665,1,0,0,Low,-0.5796454488943082,0.6419212903747675,-0.06662990098137328,0.7979932783474332,0.8646231793288064,Risk: Robotics (Medium-Term),29-2034.00,200650,57450.0
Magnetic Resonance Imaging Technologists,2.9783333333333335,2.2266666666666666,2.936666666666667,2.7900000000000005,0,1,0,Low,0.035682944229514346,0.574916921664191,0.08285970569967338,0.9770177356893491,0.8941580299896758,Risk: Robotics (Medium-Term),29-2035.00,35850,68420.0
Dietetic Technicians,2.98,2.106666666666667,3.06,1.8766666666666667,0,1,0,Low,0.03803152588265844,0.454309057985153,0.2997661938251121,-0.02405780128381032,-0.3238239951089224,Risk: Robotics (Medium-Term),29-2051.00,32240,26350.0
Pharmacy Technicians,2.7083333333333335,2.1466666666666665,2.518333333333334,1.79,2,1,0,Low,-0.3447872835798719,0.4945116792114987,-0.6528636526717482,-0.11905037048564292,0.5338132821861052,Risk: Robotics (Medium-Term),29-2052.00,398390,30920.0
Psychiatric Technicians,2.875,2.186666666666667,3.4166666666666665,1.5833333333333333,0,1,0,High (Insulated),-0.10992911826543617,0.5347143004378453,0.9270363081338143,-0.34557111242847466,-1.272607420562289,Insulated: High-Social,29-2053.00,61720,30970.0
Surgical Technologists,2.768333333333334,2.7916666666666665,2.895,2.3766666666666665,0,0,0,Low,-0.26023834406667423,1.1427789464863296,0.009580486738375828,0.5239762518036852,0.5143957650653094,Risk: Robotics (Medium-Term),29-2055.00,105720,45160.0
Veterinary Technologists and Technicians,3.143333333333333,2.6650000000000005,2.9399999999999995,2.0833333333333335,0,0,0,Low,0.26819252789080533,1.0154706459362344,0.08872204321657572,0.2024629406590214,0.11374089744244568,Risk: Robotics (Medium-Term),29-2056.00,99390,32490.0
Ophthalmic Medical Technicians,2.48,1.5599999999999998,2.5400000000000005,2.1633333333333336,2,0,0,Low,-0.6665429700606493,-0.09512676544157754,-0.6147584588118741,0.29014838915302077,0.9049068479648948,Risk: Robotics (Medium-Term),29-2057.00,43990,35530.0
Licensed Practical and Licensed Vocational Nurses,3.0649999999999995,2.7283333333333335,3.5416666666666665,2.1633333333333336,0,1,0,High (Insulated),0.1578091901930201,1.079124796211282,1.1468739650177053,0.29014838915302077,-0.8567255758646846,Insulated: High-Social,29-2061.00,702400,44090.0
"Opticians, Dispensing",2.856666666666667,1.2716666666666667,3.1233333333333335,2.0433333333333334,2,3,0,Low,-0.13576351645002377,-0.3849206601148222,0.41115060664628383,0.1586202164120217,-0.25253039023426216,Risk: Generative AI (Near-Term),29-2081.00,75270,35530.0
Orthotists and Prosthetists,3.435,2.125,3.395,1.8366666666666667,0,1,0,High (Insulated),0.6791943171910686,0.4727352593805614,0.8889311142739402,-0.06790052553081002,-0.9568316398047503,Insulated: High-Social,29-2091.00,7500,65630.0
Hearing Aid Specialists,2.936666666666667,1.23,3.2083333333333335,1.9566666666666668,0,3,0,Low,-0.023031597099094428,-0.42679839055893276,0.5606402133273297,0.06362764721018908,-0.4970125661171406,Risk: Generative AI (Near-Term),29-2092.00,6740,50250.0
Athletic Trainers,3.2083333333333335,2.793333333333333,3.3533333333333335,1.5033333333333332,0,1,0,High (Insulated),0.3597872123634359,1.1444540557040939,0.8156518953126434,-0.43325656092247405,-1.2489084562351174,Insulated: High-Social,29-9091.00,24130,45630.0
Genetic Counselors,3.518333333333334,0.375,3.2283333333333335,0.75,3,2,0,Low,0.7966233998482875,-1.2861294192720807,0.5958142384287524,-1.258961200907634,-1.8547754393363864,Insulated: High-Creativity,29-9092.00,2720,74120.0
Occupational Therapy Assistants,2.856666666666666,2.52,3.25,1.8366666666666667,0,1,0,Low,-0.13576351645002502,0.8697361439907292,0.6339194322886265,-0.06790052553081002,-0.7018199578194365,Risk: Robotics (Medium-Term),31-2011.00,38170,59010.0
Occupational Therapy Aides,2.5000000000000004,2.5816666666666666,3.063333333333333,1.79,0,1,0,Low,-0.6383599902229163,0.9317151850480127,0.30562853134201523,-0.11905037048564292,-0.42467890182765816,Risk: Robotics (Medium-Term),31-2012.00,7210,28330.0
Physical Therapist Assistants,2.938333333333333,2.6466666666666665,3.2066666666666666,1.8733333333333333,0,1,0,Low,-0.020683015445950952,0.997044444540825,0.5577090445688774,-0.02771136163772704,-0.5854204062066044,Risk: Robotics (Medium-Term),31-2021.00,85580,56610.0
Physical Therapist Aides,2.3083333333333336,2.436666666666667,2.7716666666666665,1.8366666666666667,1,1,0,Low,-0.9084468803345179,0.7859806831025085,-0.2073260013870637,-0.06790052553081002,0.13942547585625367,Risk: Robotics (Medium-Term),31-2022.00,50030,25680.0
Massage Therapists,2.4166666666666665,2.9150000000000005,2.311666666666667,1.4166666666666667,1,1,-1,Low,-0.7557890728801352,1.2667370286008974,-1.016328578719782,-0.5282491301243064,0.4880794485954756,Risk: Robotics (Medium-Term),31-9011.00,95830,39860.0
Dental Assistants,2.436666666666667,2.2716666666666665,2.811666666666667,2.4566666666666666,1,0,0,Low,-0.7276060930424022,0.6201448705438303,-0.1369779511842177,0.6116617002976846,0.7486396514819024,Risk: Robotics (Medium-Term),31-9091.00,327290,36940.0
Medical Assistants,2.8349999999999995,2.02,3.0849999999999995,1.8333333333333333,0,1,0,Low,-0.16629507794090145,0.36720337866140285,0.3437337252018894,-0.07155408588472674,-0.4152878110866161,Risk: Robotics (Medium-Term),31-9092.00,623560,31540.0
Medical Equipment Preparers,2.355,2.561666666666667,2.2083333333333335,2.75,1,0,0,Low,-0.8426865940464763,0.91161387443484,-1.198061041743799,0.9331750114423489,2.131236053186148,Risk: Robotics (Medium-Term),31-9093.00,52500,34400.0
Medical Transcriptionists,2.0833333333333335,0.9983333333333334,1.8533333333333335,1.9566666666666668,2,0,0,Low,-1.2255054035090065,-0.6596385718281872,-1.8223999872940497,0.06362764721018908,1.8860276345042388,Risk: Robotics (Medium-Term),31-9094.00,54070,35720.0
Pharmacy Aides,2.063333333333333,1.7916666666666667,2.3533333333333335,1.8766666666666667,1,0,0,Low,-1.2536883833467396,0.13771341582767724,-0.9430493597584853,-0.02405780128381032,0.918991558474675,Risk: Robotics (Medium-Term),31-9095.00,36660,25240.0
Veterinary Assistants and Laboratory Animal Caretakers,2.3733333333333335,2.48,2.75,2.25,1,0,0,Low,-0.8168521958618881,0.8295335227643831,-0.24543119524693788,0.3851409583548532,0.6305721536017911,Risk: Robotics (Medium-Term),31-9096.00,79990,25250.0
Phlebotomists,2.355,2.188333333333333,2.7916666666666665,2.0833333333333335,1,1,0,Low,-0.8426865940464763,0.536389409655609,-0.1721519762856411,0.2024629406590214,0.37461491694466253,Risk: Robotics (Medium-Term),31-9097.00,120970,32710.0
First-Line Supervisors of Correctional Officers,3.1233333333333335,2.688333333333333,3.52,1.8333333333333333,0,1,0,High (Insulated),0.24000954805307362,1.0389221749849353,1.1087687711578313,-0.07155408588472674,-1.1803228570425581,Insulated: High-Social,33-1011.00,43230,60560.0
First-Line Supervisors of Police and Detectives,3.5,2.4983333333333335,3.75,2.4633333333333334,0,1,0,High (Insulated),0.7707890016636986,0.8479597241597918,1.5132700598241908,0.6189688210055181,-0.8943012388186727,Insulated: High-Social,33-1012.00,100200,84840.0
First-Line Supervisors of Firefighting and Prevention Workers,3.108333333333333,2.8966666666666665,3.4599999999999995,2.5,0,1,0,High (Insulated),0.2188723131747736,1.2483108272054881,1.0032466958535626,0.659157984898601,-0.34408871095496163,Insulated: High-Social,33-1021.00,57170,74540.0
Firefighters,3.0216666666666665,3.606666666666667,3.168333333333333,3.1266666666666665,0,0,0,Low,0.09674606721126722,1.961907353973132,0.4902921631244837,1.346027331434929,0.8557351683104453,Risk: Robotics (Medium-Term),33-2011.00,315910,48030.0
Fire Inspectors and Investigators,3.0,1.956666666666667,3.2066666666666666,1.9166666666666667,0,1,0,Low,0.06621450572039078,0.3035492283863552,0.5577090445688774,0.019784922963189382,-0.537924121605688,Risk: Robotics (Medium-Term),33-2021.00,11910,58440.0
Forest Fire Inspectors and Prevention Specialists,3.206666666666667,2.2283333333333335,3.105,2.17,0,1,0,Low,0.3574386307102918,0.5765920308819557,0.3789077503033128,0.29745550986085373,-0.08145224044245908,Risk: Robotics (Medium-Term),33-2022.00,1650,36230.0
Bailiffs,1.8549999999999998,2.105,2.751666666666667,1.8333333333333333,1,1,0,Low,-1.5472610899897843,0.45263394876738827,-0.24250002648848554,-0.07155408588472674,0.17094594060375878,Risk: Robotics (Medium-Term),33-3011.00,17880,42670.0
Correctional Officers and Jailers,2.686666666666667,3.1033333333333335,3.188333333333333,2.6266666666666665,0,1,0,Low,-0.3753188450707483,1.4560243702082767,0.5254661882259063,0.7979932783474332,0.27252709012152687,Risk: Robotics (Medium-Term),33-3012.00,431600,42820.0
Detectives and Criminal Investigators,3.2283333333333335,2.145,3.2300000000000004,2.2533333333333334,0,1,0,Low,0.38797019220116824,0.49283656999373443,0.5987454071872047,0.38879451870876985,-0.20995088847843485,Risk: Robotics (Medium-Term),33-3021.00,104980,78120.0
Fish and Game Wardens,3.2083333333333335,2.5233333333333334,3.2300000000000004,2.706666666666667,0,1,0,Low,0.3597872123634359,0.873086362426258,0.5987454071872047,0.885678726841433,0.2869333196542283,Risk: Robotics (Medium-Term),33-3031.00,6610,51730.0
Parking Enforcement Workers,2.1666666666666665,2.018333333333333,2.5833333333333335,2.5,1,0,0,Low,-1.108076320851789,0.3655282694436382,-0.5385480710921258,0.659157984898601,1.1977060559907269,Risk: Robotics (Medium-Term),33-3041.00,8920,37950.0
Police and Sheriff's Patrol Officers,2.8966666666666665,2.856666666666666,3.5833333333333335,2.8333333333333335,0,1,0,High (Insulated),-0.07939755677455973,1.2081082059791415,1.220153183979003,1.0245140202902652,-0.1956391636887378,Insulated: High-Social,33-3051.00,657690,59680.0
Transit and Railroad Police,2.75,2.8333333333333335,3.1666666666666665,2.5,0,1,0,Low,-0.2860727422512631,1.1846566769304405,0.4873609943660322,0.659157984898601,0.1717969905325688,Risk: Robotics (Medium-Term),33-3052.00,4810,66610.0
Animal Control Workers,2.438333333333333,2.418333333333333,2.793333333333333,2.3766666666666665,1,0,0,Low,-0.7252575113892588,0.7675544817070992,-0.16922080752718954,0.5239762518036852,0.6931970593308747,Risk: Robotics (Medium-Term),33-9011.00,12970,34550.0
Private Detectives and Investigators,3.0849999999999995,0.9166666666666666,2.898333333333333,1.75,2,3,0,Low,0.1859921700307524,-0.7417189234986439,0.015442824255278945,-0.16289309473264263,-0.17833591898792156,Risk: Generative AI (Near-Term),33-9021.00,28490,48190.0
Gambling Surveillance Officers and Gambling Investigators,2.563333333333333,1.2483333333333333,2.67,1.5833333333333333,2,3,0,Low,-0.5491138874034318,-0.40837218916352414,-0.38612729565262827,-0.34557111242847466,0.04055618322415361,Risk: Robotics (Medium-Term),33-9031.00,10460,32630.0
Security Guards,1.9383333333333332,2.125,2.7283333333333335,2.3333333333333335,1,0,0,Low,-1.429832007332566,0.4727352593805614,-0.283536389106812,0.4764799672027693,0.7600163563095813,Risk: Robotics (Medium-Term),33-9032.00,1103120,25770.0
Crossing Guards and Flaggers,1.4816666666666667,1.7099999999999997,2.0416666666666665,1.9166666666666667,1,0,0,Low,-2.0733433802941206,0.05563306415722027,-1.4911779175889877,0.019784922963189382,1.5109628405521771,Risk: Robotics (Medium-Term),33-9091.00,72900,26700.0
"Lifeguards, Ski Patrol, and Other Recreational Protective Service Workers",1.9783333333333335,2.52,2.7083333333333335,1.79,1,1,0,Low,-1.3734660476571012,0.8697361439907292,-0.31871041420823465,-0.11905037048564292,0.19966004372259172,Risk: Robotics (Medium-Term),33-9092.00,145100,20290.0
Transportation Security Screeners,2.5016666666666665,2.7716666666666665,2.918333333333333,2.6233333333333335,1,0,0,Low,-0.6360114085697729,1.1226776358731565,0.05061684935670155,0.7943397179935169,0.7437228686368154,Risk: Robotics (Medium-Term),33-9093.00,42750,39680.0
Chefs and Head Cooks,3.23,2.3533333333333335,3.581666666666667,1.8333333333333333,0,1,0,High (Insulated),0.39031877385431235,0.7022252222142872,1.2172220152205515,-0.07155408588472674,-1.2887761011052783,Insulated: High-Social,35-1011.00,134190,43180.0
First-Line Supervisors of Food Preparation and Serving Workers,3.188333333333333,2.27,3.3733333333333335,1.83,0,1,0,High (Insulated),0.3316042325257029,0.618469761326066,0.850825920414066,-0.07520764623864322,-0.9260335666527092,Insulated: High-Social,35-1012.00,908550,31480.0
"Cooks, Fast Food",1.6849999999999998,2.0216666666666665,2.1833333333333336,1.6666666666666667,1,0,0,Low,-1.7868164186105089,0.3688784878791671,-1.2420285731205771,-0.25423210358055853,0.9877964695400185,Risk: Robotics (Medium-Term),35-2011.00,513200,19860.0
"Cooks, Institution and Cafeteria",2.4800000000000004,2.375,2.7083333333333335,2.2066666666666666,1,0,0,Low,-0.6665429700606487,0.7240016420452245,-0.31871041420823465,0.33764467375393675,0.6563550879621713,Risk: Robotics (Medium-Term),35-2012.00,409850,24750.0
"Cooks, Private Household",2.5,2.3533333333333335,2.668333333333333,1.7933333333333332,1,1,0,Low,-0.638359990222917,0.7022252222142872,-0.3890584644110806,-0.11539681013172644,0.2736616542793542,Risk: Robotics (Medium-Term),35-2013.00,370,32060.0
"Cooks, Restaurant",2.33,2.4150000000000005,2.5416666666666665,2.29,1,0,0,Low,-0.8779153188436415,0.7642042632715711,-0.6118272900534233,0.4289836826018529,1.0408109726552761,Risk: Robotics (Medium-Term),35-2014.00,1217370,24140.0
"Cooks, Short Order",2.061666666666667,2.293333333333333,2.6466666666666665,2.54,1,0,0,Low,-1.256036964999883,0.6419212903747675,-0.4271636582709548,0.7030007091456008,1.1301643674165556,Risk: Robotics (Medium-Term),35-2015.00,183990,21890.0
Food Preparation Workers,1.7099999999999997,2.23,1.9349999999999998,1.96,1,0,0,Low,-1.7515876938133437,0.5782671400997199,-1.6787727181299081,0.06728120756410556,1.7460539256940137,Risk: Robotics (Medium-Term),35-2021.00,850670,21440.0
Bartenders,2.436666666666667,2.54,3.0,2.1666666666666665,0,0,0,Low,-0.7276060930424022,0.8898374546039023,0.1942441185208443,0.29380194950693705,0.09955783098609275,Risk: Robotics (Medium-Term),35-3011.00,603320,20800.0
Waiters and Waitresses,1.9166666666666667,2.5216666666666665,2.4566666666666666,1.79,1,1,0,Low,-1.4603635688234426,0.8714112532084934,-0.7613168967344691,-0.11905037048564292,0.6422665262488262,Risk: Robotics (Medium-Term),35-3031.00,2564610,19990.0
"Food Servers, Nonrestaurant",1.6849999999999998,2.018333333333333,2.1033333333333335,2.1633333333333336,1,0,0,Low,-1.7868164186105089,0.3655282694436382,-1.3827246735262675,0.29014838915302077,1.6728730626792883,Risk: Robotics (Medium-Term),35-3041.00,261520,21240.0
Dining Room and Cafeteria Attendants and Bartender Helpers,1.6433333333333333,2.645,2.0850000000000004,1.8333333333333333,1,0,0,Low,-1.8455309599391176,0.9953693353230607,-1.4149675298692377,-0.07155408588472674,1.343413443984511,Risk: Robotics (Medium-Term),35-9011.00,423080,20200.0
Dishwashers,1.6200000000000003,2.4783333333333335,1.8966666666666665,2.6666666666666665,1,0,0,Low,-1.8784111030831383,0.8278584135466188,-1.7461895995743013,0.8418360025944328,2.588025602168734,Risk: Robotics (Medium-Term),35-9021.00,506450,20800.0
"Hosts and Hostesses, Restaurant, Lounge, and Coffee Shop",1.9583333333333333,1.7716666666666665,2.7283333333333335,1.6666666666666667,2,1,0,Low,-1.4016490274948339,0.11761210521450394,-0.283536389106812,-0.25423210358055853,0.02930428552625347,Risk: Robotics (Medium-Term),35-9031.00,404360,19980.0
First-Line Supervisors of Housekeeping and Janitorial Workers,2.5849999999999995,2.143333333333334,3.206666666666667,2.25,0,1,0,Low,-0.5185823259125554,0.49116146077597067,0.5577090445688782,0.3851409583548532,-0.17256808621402497,Risk: Robotics (Medium-Term),37-1011.00,161140,38190.0
"First-Line Supervisors of Landscaping, Lawn Service, and Groundskeeping Workers",3.0016666666666665,2.54,3.2483333333333335,2.54,0,1,0,Low,0.06856308737353488,0.8898374546039023,0.6309882635301749,0.7030007091456008,0.07201244561542586,Risk: Robotics (Medium-Term),37-1012.00,103070,45740.0
"Janitors and Cleaners, Except Maids and Housekeeping Cleaners",1.6450000000000002,2.44,1.9799999999999998,2.2033333333333336,1,0,0,Low,-1.8431823782859729,0.7893309015380369,-1.5996311616517074,0.3339911134000205,1.9336222750517278,Risk: Robotics (Medium-Term),37-2011.00,2161740,24190.0
Maids and Housekeeping Cleaners,1.5599999999999998,2.311666666666667,2.286666666666667,1.9166666666666667,1,0,0,Low,-1.9629600425963358,0.6603474917701768,-1.0602961100965602,0.019784922963189382,1.0800810330597497,Risk: Robotics (Medium-Term),37-2012.00,924640,21820.0
Pest Control Workers,2.688333333333333,2.4599999999999995,2.9399999999999995,2.54,0,1,0,Low,-0.37297026341760486,0.8094322121512095,0.08872204321657572,0.7030007091456008,0.614278665929025,Risk: Robotics (Medium-Term),37-2021.00,72830,33040.0
Landscaping and Groundskeeping Workers,1.665,2.811666666666667,1.875,2.9966666666666666,1,0,0,Low,-1.8149993984482409,1.1628802570995032,-1.7842947934341755,1.20353847763218,2.9878332710663553,Risk: Robotics (Medium-Term),37-3011.00,906570,26320.0
"Pesticide Handlers, Sprayers, and Applicators, Vegetation",2.44,2.56,2.2916666666666665,2.8766666666666665,1,0,0,Low,-0.722908929736114,0.9099387652170753,-1.0515026038212054,1.072010304891181,2.1235129087123865,Risk: Robotics (Medium-Term),37-3012.00,25230,33740.0
Tree Trimmers and Pruners,2.145,3.3349999999999995,2.54,3.3733333333333335,1,0,0,Low,-1.1386078823426655,1.6888645514775305,-0.6147584588118749,1.6163907976247605,2.2311492564366353,Risk: Robotics (Medium-Term),37-3013.00,40680,35030.0
Animal Trainers,2.6666666666666665,2.8349999999999995,2.875,2.1666666666666665,0,0,0,Low,-0.4035018249084813,1.1863317861482043,-0.02559353836304678,0.29380194950693705,0.31939548786998384,Risk: Robotics (Medium-Term),39-2011.00,13590,27690.0
Animal Caretakers,2.02,2.3533333333333335,2.1666666666666665,1.75,1,0,0,Low,-1.3147515063284925,0.7022252222142872,-1.2713402607050965,-0.16289309473264263,1.108447165972454,Risk: Robotics (Medium-Term),39-2021.00,187360,21990.0
Gambling Dealers,1.876666666666667,1.75,2.605,1.75,2,1,0,Low,-1.516729528498907,0.09583568538356663,-0.5004428772322516,-0.16289309473264263,0.33754978249960893,Risk: Robotics (Medium-Term),39-3011.00,94570,19290.0
Gambling and Sports Book Writers and Runners,2.1266666666666665,1.2083333333333333,2.5416666666666665,2.1233333333333335,2,0,0,Low,-1.1644422805272536,-0.4485748103898703,-0.6118272900534233,0.2463056649060211,0.8581329549594444,Risk: Robotics (Medium-Term),39-3012.00,11460,22600.0
Motion Picture Projectionists,1.666666666666667,1.8133333333333332,2.2083333333333335,2.8766666666666665,1,0,0,Low,-1.812650816795096,0.15948983565861455,-1.198061041743799,1.072010304891181,2.27007134663498,Risk: Robotics (Medium-Term),39-3021.00,5480,22100.0
"Ushers, Lobby Attendants, and Ticket Takers",1.8116666666666668,1.5650000000000002,2.375,1.9166666666666667,2,0,0,Low,-1.6083242129715372,-0.09010143778828393,-0.9049441658986112,0.019784922963189382,0.9247290888618005,Risk: Robotics (Medium-Term),39-3031.00,117920,19920.0
Amusement and Recreation Attendants,1.7683333333333333,1.7283333333333335,2.395,2.0433333333333334,1,0,0,Low,-1.6693873359532907,0.07405926555262932,-0.8697701407971885,0.1586202164120217,1.0283903572092101,Risk: Robotics (Medium-Term),39-3091.00,286740,20160.0
Costume Attendants,2.0016666666666665,2.0833333333333335,2.605,1.79,1,1,0,Low,-1.3405859045130806,0.43085752893645096,-0.5004428772322516,-0.11905037048564292,0.38139250674660863,Risk: Robotics (Medium-Term),39-3092.00,6640,45900.0
"Locker Room, Coatroom, and Dressing Room Attendants",1.2716666666666667,1.2916666666666667,2.2483333333333335,1.9166666666666667,1,0,0,Low,-2.3692646685903096,-0.36481934950164907,-1.1277129915409538,0.019784922963189382,1.1474979145041433,Risk: Robotics (Medium-Term),39-3093.00,18040,21720.0
Embalmers,2.476666666666667,2.3533333333333335,2.8733333333333335,2.2066666666666666,0,0,0,Low,-0.6712401333669376,0.7022252222142872,-0.028524707121498336,0.33764467375393675,0.3661693808754351,Risk: Robotics (Medium-Term),39-4011.00,3710,40150.0
Funeral Attendants,1.7300000000000004,1.8116666666666668,2.395,2.21,1,0,0,Low,-1.7234047139756103,0.1578147264408503,-0.8697701407971885,0.3412982341078535,1.211068374905042,Risk: Robotics (Medium-Term),39-4021.00,35770,24830.0
"Morticians, Undertakers, and Funeral Arrangers",3.1233333333333335,2.105,3.73,2.25,0,1,0,High (Insulated),0.24000954805307362,0.45263394876738827,1.4780960347227683,0.3851409583548532,-1.092955076367915,Insulated: High-Social,39-4031.00,25850,50090.0
Barbers,1.5833333333333337,1.8099999999999998,2.085,2.0033333333333334,1,0,0,Low,-1.930079899452314,0.1561396172230856,-1.4149675298692386,0.11477749216502199,1.5297450220342605,Risk: Robotics (Medium-Term),39-5011.00,15900,25760.0
"Hairdressers, Hairstylists, and Cosmetologists",2.5216666666666665,2.335,2.8333333333333335,1.71,0,1,0,Low,-0.6078284287320406,0.6837990208188783,-0.09887275732434354,-0.20673581897964233,-0.10786306165529878,Risk: Robotics (Medium-Term),39-5012.00,352380,24260.0
"Makeup Artists, Theatrical and Performance",2.605,2.375,2.7916666666666665,1.1633333333333333,2,1,0,Low,-0.4903993460748224,0.7240016420452245,-0.1721519762856411,-0.805919717021971,-0.6337677407363298,Risk: Robotics (Medium-Term),39-5091.00,3600,60970.0
Manicurists and Pedicurists,1.7500000000000002,1.1466666666666667,2.2883333333333336,1.8766666666666667,2,0,0,Low,-1.6952217341378784,-0.5105538514471537,-1.0573649413381085,-0.02405780128381032,1.0333071400542981,Risk: Robotics (Medium-Term),39-5092.00,90630,22150.0
Shampooers,1.3950000000000002,2.0016666666666665,2.205,1.9166666666666667,1,0,0,Low,-2.1954696262576268,0.348777177265994,-1.203923379260703,0.019784922963189382,1.2237083022238924,Risk: Robotics (Medium-Term),39-5093.00,15240,19700.0
Skincare Specialists,2.2299999999999995,1.918333333333333,2.795,1.7466666666666668,2,1,0,Low,-1.018830218032304,0.26502171637777283,-0.1662896387687372,-0.1665466550865591,-0.0002570163178219065,Risk: Robotics (Medium-Term),39-5094.00,43980,30270.0
Baggage Porters and Bellhops,2.143333333333334,2.7916666666666665,2.4783333333333335,2.5,1,0,0,Low,-1.140956463995809,1.1427789464863296,-0.7232117028745942,0.659157984898601,1.3823696877731952,Risk: Robotics (Medium-Term),39-6011.00,44750,22260.0
Concierges,2.4783333333333335,0.7916666666666666,2.98,0.75,2,3,0,Low,-0.6688915517137934,-0.8673521148309755,0.15907009341942172,-1.258961200907634,-1.4180312943270559,Insulated: High-Creativity,39-6012.00,32020,29250.0
Tour Guides and Escorts,1.7466666666666668,0.8733333333333334,2.5416666666666665,1.0033333333333332,2,0,-1,Low,-1.6999188974441672,-0.7852717631605187,-0.6118272900534233,-0.9812906140099699,-0.3694633239565466,Risk: Robotics (Medium-Term),39-7011.00,38660,24920.0
Travel Guides,2.851666666666667,1.2933333333333332,3.418333333333333,1.7933333333333332,0,3,0,High (Insulated),-0.1428092614094567,-0.36314424028388487,0.9299674768922659,-0.11539681013172644,-1.0453642870239923,Insulated: High-Social,39-7012.00,3030,32100.0
Childcare Workers,2.5216666666666665,2.0833333333333335,2.98,0.79,2,1,0,Low,-0.6078284287320406,0.43085752893645096,0.15907009341942172,-1.2151184766606344,-1.3741885700800562,Insulated: High-Creativity,39-9011.00,569370,21170.0
Exercise Trainers and Group Fitness Instructors,2.3533333333333335,3.438333333333333,2.9783333333333335,1.3366666666666667,0,0,-1,Low,-0.8450351756996204,1.7927213229789247,0.15613892466097015,-0.6159345786183058,-0.7720735032792759,Risk: Robotics (Medium-Term),39-9031.00,257410,38160.0
Recreation Workers,2.8533333333333335,2.0833333333333335,3.5216666666666665,0.9566666666666667,0,3,0,High (Insulated),-0.1404606797563126,0.43085752893645096,1.1116999399162828,-1.0324404589648026,-2.1441403988810857,Insulated: High-Social,39-9032.00,336880,23870.0
Residential Advisors,2.9583333333333335,1.2483333333333333,3.1666666666666665,1.0033333333333332,2,3,0,Low,0.007499964391782008,-0.40837218916352414,0.4873609943660322,-0.9812906140099699,-1.468651608376002,Risk: Generative AI (Near-Term),39-9041.00,110330,25570.0
First-Line Supervisors of Retail Sales Workers,3.1899999999999995,2.063333333333333,3.6633333333333336,1.3366666666666667,0,1,0,High (Insulated),0.33395281417884704,0.41075621832327747,1.3608492843846933,-0.6159345786183058,-1.976783863002999,Insulated: High-Social,41-1011.00,1194220,39040.0
First-Line Supervisors of Non-Retail Sales Workers,3.52,0.5833333333333334,3.7916666666666665,0.8700000000000001,3,2,0,High (Insulated),0.7989719815014309,-1.0767407670515279,1.5865492787854876,-1.1274330281666352,-2.713982306952123,Insulated: High-Social,41-1012.00,252670,73150.0
Cashiers,2.0,1.8316666666666668,2.375,1.9166666666666667,1,0,0,Low,-1.3429344861662247,0.17791603705402337,-0.9049441658986112,0.019784922963189382,0.9247290888618005,Risk: Robotics (Medium-Term),41-2011.00,3541010,20180.0
Gambling Change Persons and Booth Cashiers,2.125,1.7683333333333333,2.311666666666667,2.0833333333333335,1,0,0,Low,-1.1667908621803977,0.11426188677897524,-1.016328578719782,0.2024629406590214,1.2187915193788035,Risk: Robotics (Medium-Term),41-2012.00,23120,23780.0
Counter and Rental Clerks,2.275,1.6666666666666667,2.9183333333333334,2.25,2,1,0,Low,-0.9554185133974056,0.012080224495345652,0.05061684935670233,0.3851409583548532,0.3345241089981508,Risk: Robotics (Medium-Term),41-2021.00,450330,25550.0
Parts Salespersons,2.5433333333333334,2.19,2.9583333333333335,1.9166666666666667,0,1,0,Low,-0.5772968672411635,0.5380645188733737,0.12096489955954755,0.019784922963189382,-0.10117997659635816,Risk: Robotics (Medium-Term),41-2022.00,248740,29780.0
Retail Salespersons,2.4166666666666665,1.75,3.4166666666666665,1.67,0,1,0,High (Insulated),-0.7557890728801352,0.09583568538356663,0.9270363081338143,-0.250578543226642,-1.1776148513604563,Insulated: High-Social,41-2031.00,4528550,22680.0
Advertising Sales Agents,3.105,0.18666666666666668,3.5416666666666665,1.21,3,2,0,High (Insulated),0.21417514986848538,-1.4754167608794602,1.1468739650177053,-0.7547698720671381,-1.9016438370848434,Insulated: High-Social,41-3011.00,141100,50380.0
Insurance Sales Agents,3.2083333333333335,0.18666666666666668,3.273333333333333,0.9166666666666666,3,2,0,Low,0.3597872123634359,-1.4754167608794602,0.6749557949069522,-1.0762831832118023,-1.7512389781187545,Insulated: High-Creativity,41-3021.00,385700,49990.0
"Securities, Commodities, and Financial Services Sales Agents",3.5216666666666665,0.02,3.351666666666667,0.79,3,2,0,High (Insulated),0.801320563154575,-1.6429276826559025,0.8127207265541918,-1.2151184766606344,-2.0278392032148265,Insulated: High-Social,41-3031.00,353780,67310.0
Travel Agents,2.605,0.4383333333333333,3.2283333333333335,0.9166666666666666,2,3,0,Low,-0.4903993460748224,-1.2224752689970328,0.5958142384287524,-1.0762831832118023,-1.6720974216405546,Insulated: High-Creativity,41-3041.00,68680,36460.0
"Sales Representatives, Wholesale and Manufacturing, Technical and Scientific Products",3.1033333333333335,0.3333333333333333,3.605,1.17,3,2,0,High (Insulated),0.2118265682153413,-1.3280071497161914,1.2582583778388772,-0.7986125963141378,-2.056870974153015,Insulated: High-Social,41-4011.00,328370,78980.0
"Sales Representatives, Wholesale and Manufacturing, Except Technical and Scientific Products",2.7283333333333335,0.9783333333333334,3.395,1.5833333333333333,2,3,0,High (Insulated),-0.31660430374213955,-0.6797398824413603,0.8889311142739402,-0.34557111242847466,-1.2345022267024148,Insulated: High-Social,41-4012.00,1404050,57140.0
Demonstrators and Product Promoters,2.3733333333333335,1.7933333333333332,3.23,1.33,2,1,0,Low,-0.8168521958618881,0.13938852504544147,0.5987454071872039,-0.623241699326139,-1.221987106513343,Risk: Robotics (Medium-Term),41-9011.00,86500,25610.0
Models,1.21,1.3966666666666667,1.6866666666666668,1.0833333333333333,2,0,-1,Low,-2.4561621897566512,-0.2592874687824906,-2.115516863139238,-0.8936051655159705,1.2219116976232673,Risk: Robotics (Medium-Term),41-9012.00,4390,21870.0
Real Estate Brokers,3.0233333333333334,0.06166666666666667,3.25,1.0833333333333333,3,2,0,Low,0.09909464886441194,-1.6010499522117918,0.6339194322886265,-0.8936051655159705,-1.527524597804597,Risk: Generative AI (Near-Term),41-9021.00,40850,56790.0
Real Estate Sales Agents,3.25,0.605,3.686666666666667,1.5866666666666667,3,2,0,High (Insulated),0.4185017536920447,-1.0549643472205907,1.4018856470030199,-0.34191755207455793,-1.7438031990775777,Insulated: High-Social,41-9022.00,151840,44090.0
Sales Engineers,3.875,0.5833333333333334,3.8966666666666665,0.9166666666666666,3,2,0,High (Insulated),1.2992198736211793,-1.0767407670515279,1.7712129105679562,-1.0762831832118023,-2.8474960937797587,Insulated: High-Social,41-9031.00,74330,100000.0
Telemarketers,1.6250000000000002,0.27,2.643333333333334,1.21,2,0,-1,Low,-1.8713653581237053,-1.3916612999912392,-0.4330259957878571,-0.7547698720671381,-0.32174387627928097,Risk: Robotics (Medium-Term),41-9041.00,215290,24300.0
"Door-to-Door Sales Workers, News and Street Vendors, and Related Workers",2.27,0.27166666666666667,3.143333333333334,0.79,2,3,0,Low,-0.9624642583568386,-1.3899861907734747,0.4463246317477072,-1.2151184766606344,-1.6614431084083416,Insulated: High-Creativity,41-9091.00,8040,24330.0
First-Line Supervisors of Office and Administrative Support Workers,3.1666666666666665,0.79,3.645,0.6233333333333334,3,2,0,High (Insulated),0.3010726710348265,-0.8690272240487399,1.3286064280417225,-1.3977964943564665,-2.726402922398189,Insulated: High-Social,43-1011.00,1443150,54340.0
"Switchboard Operators, Including Answering Service",1.7483333333333333,0.7083333333333334,2.4583333333333335,1.75,2,0,0,Low,-1.6975703157910231,-0.9511075757191965,-0.7583857279760168,-0.16289309473264263,0.5954926332433741,Risk: Robotics (Medium-Term),43-2011.00,90910,28030.0
Telephone Operators,1.8966666666666665,0.71,2.2716666666666665,1.9566666666666668,2,0,0,Low,-1.4885465486611753,-0.9494324665014321,-1.086676628922628,0.06362764721018908,1.150304276132817,Risk: Robotics (Medium-Term),43-2021.00,8860,37000.0
Bill and Account Collectors,2.688333333333333,0.395,2.9583333333333335,1.0433333333333332,2,3,0,Low,-0.37297026341760486,-1.2660281086589076,0.12096489955954755,-0.9374478897629701,-1.0584127893225177,Risk: Generative AI (Near-Term),43-3011.00,298960,35350.0
Billing and Posting Clerks,2.6233333333333335,0.5833333333333334,2.4566666666666666,1.5833333333333333,2,3,0,Low,-0.46456494789023417,-1.0767407670515279,-0.7613168967344691,-0.34557111242847466,0.41574578430599446,Risk: Generative AI (Near-Term),43-3021.00,485220,36150.0
"Bookkeeping, Accounting, and Auditing Clerks",2.855,0.7716666666666666,2.48,1.75,2,3,0,Low,-0.1381120981031685,-0.8874534254441486,-0.7202805341161427,-0.16289309473264263,0.5573874393835001,Risk: Generative AI (Near-Term),43-3031.00,1566960,38390.0
Gambling Cage Workers,2.1683333333333334,1.6033333333333335,2.7283333333333335,1.8733333333333333,2,1,0,Low,-1.1057277391986444,-0.051573925779702254,-0.283536389106812,-0.02771136163772704,0.255825027469085,Risk: Robotics (Medium-Term),43-3041.00,18810,25990.0
Payroll and Timekeeping Clerks,2.7516666666666665,0.5,2.311666666666667,1.21,2,3,0,Low,-0.283724160598119,-1.160496227939749,-1.016328578719782,-0.7547698720671381,0.2615587066526439,Risk: Generative AI (Near-Term),43-3051.00,159650,42390.0
Procurement Clerks,2.875,0.37333333333333335,2.8349999999999995,1.0,2,3,0,Low,-0.10992911826543617,-1.2878045284898452,-0.09594158856589277,-0.9849441743638863,-0.8890025857979935,Risk: Generative AI (Near-Term),43-3061.00,72120,41410.0
Tellers,2.73,1.3966666666666665,2.688333333333333,2.0,2,0,0,Low,-0.31425572208899544,-0.2592874687824908,-0.353884439309658,0.11112393181110526,0.46500837112076326,Risk: Robotics (Medium-Term),43-3071.00,496760,27260.0
Brokerage Clerks,2.7916666666666665,0.7066666666666667,2.6033333333333335,1.4966666666666668,2,3,0,Low,-0.22735820092265432,-0.9527826849369609,-0.5033740459907031,-0.440563681630307,0.06281036436039611,Risk: Generative AI (Near-Term),43-4011.00,59820,49200.0
Correspondence Clerks,2.726666666666667,0.22666666666666668,2.731666666666667,0.8333333333333334,2,3,0,Low,-0.31895288539528366,-1.4352141396531144,-0.27767405158990816,-1.1676221920597183,-0.8899481404698102,Insulated: High-Creativity,43-4021.00,6780,36370.0
"Court, Municipal, and License Clerks",2.5400000000000005,0.69,2.5833333333333335,1.5433333333333332,2,3,0,Low,-0.5819940305474517,-0.9695337771146052,-0.5385480710921258,-0.38941383667547436,0.1491342344166514,Risk: Generative AI (Near-Term),43-4031.00,128620,36670.0
"Credit Authorizers, Checkers, and Clerks",2.4583333333333335,0.22999999999999998,2.75,1.0433333333333332,2,3,0,Low,-0.6970745315515258,-1.4318639212175854,-0.24543119524693788,-0.9374478897629701,-0.6920166945160322,Risk: Generative AI (Near-Term),43-4041.00,37680,36930.0
Customer Service Representatives,2.643333333333334,0.7933333333333333,3.0833333333333335,1.21,2,3,0,Low,-0.4363819680525012,-0.865677005613211,0.34080255644343865,-0.7547698720671381,-1.0955724285105768,Risk: Generative AI (Near-Term),43-4051.00,2707040,32300.0
"Eligibility Interviewers, Government Programs",2.8533333333333335,0.4366666666666667,3.106666666666667,1.25,2,3,0,Low,-0.1404606797563126,-1.224150378214797,0.38183891906176515,-0.7109271478201384,-1.0927660668819037,Risk: Generative AI (Near-Term),43-4061.00,135940,43350.0
File Clerks,2.25,1.6450000000000002,2.2066666666666666,1.2066666666666668,2,0,0,Low,-0.9906472381945709,-0.009696195335591655,-1.2009922105022512,-0.7584234324210546,0.44256877808119666,Risk: Robotics (Medium-Term),43-4071.00,130950,29090.0
"Hotel, Motel, and Resort Desk Clerks",2.5833333333333335,1.1466666666666667,3.105,1.54,2,3,0,Low,-0.5209309075656988,-0.5105538514471537,0.3789077503033128,-0.3930673970293908,-0.7719751473327037,Risk: Robotics (Medium-Term),43-4081.00,248440,22070.0
"Interviewers, Except Eligibility and Loan",2.6233333333333335,0.5,3.1033333333333335,1.3333333333333333,2,3,0,Low,-0.46456494789023417,-1.160496227939749,0.37597658154486124,-0.6195881389722225,-0.9955647205170838,Risk: Generative AI (Near-Term),43-4111.00,186030,32150.0
"Library Assistants, Clerical",2.1266666666666665,1.6016666666666666,2.561666666666667,1.5433333333333332,2,1,0,Low,-1.1644422805272536,-0.053249034997466936,-0.5766532649519999,-0.38941383667547436,0.1872394282765255,Risk: Robotics (Medium-Term),43-4121.00,98560,25220.0
Loan Interviewers and Clerks,3.2283333333333335,0.4583333333333333,3.081666666666667,1.0,3,3,0,Low,0.38797019220116824,-1.2023739583838597,0.3378713876849871,-0.9849441743638863,-1.3228155620488733,Risk: Generative AI (Near-Term),43-4131.00,224340,38630.0
New Accounts Clerks,2.645,0.71,2.69,1.54,2,3,0,Low,-0.43403338639935773,-0.9494324665014321,-0.3509532705512057,-0.3930673970293908,-0.04211412647818513,Risk: Generative AI (Near-Term),43-4141.00,41630,34990.0
Order Clerks,2.5400000000000005,0.56,2.855,1.33,2,3,0,Low,-0.5819940305474517,-1.10019229610023,-0.06076756346446938,-0.623241699326139,-0.5624741358616696,Risk: Generative AI (Near-Term),43-4151.00,176850,33370.0
"Human Resources Assistants, Except Payroll and Timekeeping",2.601666666666667,0.2933333333333333,2.918333333333333,1.0,2,3,0,Low,-0.4950965093811106,-1.3682097709425374,0.05061684935670155,-0.9849441743638863,-1.035561023720588,Risk: Generative AI (Near-Term),43-4161.00,137150,39020.0
Receptionists and Information Clerks,2.29,0.6866666666666666,2.6483333333333334,1.5433333333333332,2,3,0,Low,-0.9342812785191063,-0.972883995550134,-0.4242324895125025,-0.38941383667547436,0.03481865283702812,Risk: Generative AI (Near-Term),43-4171.00,997770,27920.0
Reservation and Transportation Ticket Agents and Travel Clerks,2.686666666666667,1.8766666666666667,3.0833333333333335,1.96,0,1,0,Low,-0.3753188450707483,0.22314398593366266,0.34080255644343865,0.06728120756410556,-0.2735213488793331,Risk: Robotics (Medium-Term),43-4181.00,146350,35230.0
Cargo and Freight Agents,2.6650000000000005,1.125,2.9166666666666665,1.6666666666666667,2,3,0,Low,-0.40585040656162474,-0.5323302712780913,0.04768568059824999,-0.25423210358055853,-0.30191778417880855,Risk: Generative AI (Near-Term),43-5011.00,88920,41920.0
Couriers and Messengers,2.02,2.455,2.0833333333333335,2.9166666666666665,1,0,0,Low,-1.3147515063284925,0.8044068844979168,-1.41789869862769,1.1158530291381807,2.5337517277658708,Risk: Robotics (Medium-Term),43-5021.00,74120,28170.0
Public Safety Telecommunicators,2.831666666666667,1.1033333333333333,3.375,1.6233333333333333,2,3,0,High (Insulated),-0.17099224124718904,-0.5541066911090288,0.8537570891725176,-0.30172838818147496,-1.1554854773539924,Insulated: High-Social,43-5031.00,95170,38870.0
"Dispatchers, Except Police, Fire, and Ambulance",2.8966666666666665,0.6033333333333334,2.938333333333333,1.46,2,3,0,Low,-0.07939755677455973,-1.0566394564383548,0.08579087445812415,-0.4807528455233902,-0.5665437199815143,Risk: Generative AI (Near-Term),43-5032.00,197910,37940.0
"Meter Readers, Utilities",2.25,2.186666666666667,2.268333333333333,2.793333333333333,1,0,0,Low,-0.9906472381945709,0.5347143004378453,-1.092538966439532,0.9806712960432649,2.073210262482797,Risk: Robotics (Medium-Term),43-5041.00,34070,38940.0
Postal Service Clerks,2.186666666666667,2.3949999999999996,2.355,2.08,1,0,0,Low,-1.079893341014056,0.7441029526583971,-0.9401181910000337,0.19880938030510467,1.1389275713051383,Risk: Robotics (Medium-Term),43-5051.00,82030,56790.0
Postal Service Mail Carriers,1.7266666666666666,2.48,1.955,2.9166666666666665,1,0,0,Low,-1.7281018772819,0.8295335227643831,-1.6435986930284852,1.1158530291381807,2.759451722166666,Risk: Robotics (Medium-Term),43-5052.00,328950,58110.0
"Postal Service Mail Sorters, Processors, and Processing Machine Operators",1.8099999999999998,2.645,2.0666666666666664,2.8766666666666665,1,0,0,Low,-1.610672794624682,0.9953693353230607,-1.4472103862122097,1.072010304891181,2.5192206911033908,Risk: Robotics (Medium-Term),43-5053.00,110770,56220.0
"Production, Planning, and Expediting Clerks",2.893333333333334,0.9383333333333334,2.6666666666666665,1.7533333333333332,2,3,0,Low,-0.0840947200808473,-0.7199425036677064,-0.39198963316953217,-0.15923953437872615,0.23275009879080602,Risk: Generative AI (Near-Term),43-5061.00,321780,46760.0
"Shipping, Receiving, and Inventory Clerks",2.331666666666667,2.3149999999999995,2.3533333333333335,2.4633333333333334,1,0,0,Low,-0.8755667371904968,0.6636977102057049,-0.9430493597584853,0.6189688210055181,1.5620181807640034,Risk: Robotics (Medium-Term),43-5071.00,676990,31180.0
"Weighers, Measurers, Checkers, and Samplers, Recordkeeping",2.581666666666667,2.17,2.605,2.25,1,0,0,Low,-0.5232794892188429,0.5179632082602007,-0.5004428772322516,0.3851409583548532,0.8855838355871047,Risk: Robotics (Medium-Term),43-5111.00,74460,28790.0
Executive Secretaries and Executive Administrative Assistants,2.895,0.6466666666666666,3.0416666666666665,1.0,2,3,0,Low,-0.08174613842770383,-1.0130866167764803,0.2675233374821411,-0.9849441743638863,-1.2524675118460273,Risk: Generative AI (Near-Term),43-6011.00,631610,55860.0
Legal Secretaries and Administrative Assistants,2.418333333333333,0.5633333333333334,2.52,1.3333333333333333,2,3,0,Low,-0.7534404912269911,-1.096842077664701,-0.6499324839132974,-0.6195881389722225,0.030344344941074852,Risk: Generative AI (Near-Term),43-6012.00,191200,44180.0
Medical Secretaries and Administrative Assistants,2.3333333333333335,0.73,2.4783333333333335,1.5,2,3,0,Low,-0.8732181555373527,-0.9293311558882591,-0.7232117028745942,-0.4369101212763905,0.28630158159820374,Risk: Generative AI (Near-Term),43-6013.00,556820,33730.0
"Secretaries and Administrative Assistants, Except Legal, Medical, and Executive",2.4133333333333336,0.52,2.6033333333333335,1.4166666666666667,2,3,0,Low,-0.7604862361864234,-1.1403949173265762,-0.5033740459907031,-0.5282491301243064,-0.024875084133603287,Risk: Generative AI (Near-Term),43-6014.00,2295510,34820.0
Data Entry Keyers,2.313333333333333,1.25,2.2266666666666666,2.0433333333333334,2,0,0,Low,-0.9014011353750857,-0.4066970799457597,-1.1658181854008287,0.1586202164120217,1.3244384018128503,Risk: Robotics (Medium-Term),43-9021.00,194810,30100.0
Word Processors and Typists,1.7316666666666667,0.7916666666666666,1.9566666666666668,1.75,2,0,0,Low,-1.7210561323224667,-0.8673521148309755,-1.640667524270033,-0.16289309473264263,1.4777744295373905,Risk: Robotics (Medium-Term),43-9022.00,67230,38740.0
Desktop Publishers,3.0216666666666665,1.23,3.105,1.4166666666666667,2,3,0,Low,0.09674606721126722,-0.42679839055893276,0.3789077503033128,-0.5282491301243064,-0.9071568804276192,Risk: Generative AI (Near-Term),43-9031.00,13090,41090.0
Insurance Claims and Policy Processing Clerks,2.6483333333333334,0.54,2.793333333333333,1.5,2,3,0,Low,-0.4293362230930689,-1.120293606713403,-0.16922080752718954,-0.4369101212763905,-0.26768931374920096,Risk: Generative AI (Near-Term),43-9041.00,274350,38430.0
"Mail Clerks and Mail Machine Operators, Except Postal Service",2.0433333333333334,2.4983333333333335,1.9799999999999998,2.5433333333333334,1,0,0,Low,-1.2818713631844714,0.8479597241597918,-1.5996311616517074,0.7066542694995175,2.306285431151225,Risk: Robotics (Medium-Term),43-9051.00,91530,29160.0
"Office Clerks, General",2.2916666666666665,0.77,2.645,1.6666666666666667,2,3,0,Low,-0.9319326968659621,-0.8891285346619129,-0.4300948270294063,-0.25423210358055853,0.1758627234488478,Risk: Robotics (Medium-Term),43-9061.00,2955550,30580.0
"Office Machine Operators, Except Computer",2.29,2.188333333333333,2.33,2.796666666666667,1,0,0,Low,-0.9342812785191063,0.536389409655609,-0.9840857223768118,0.984324856397182,1.9684105787739938,Risk: Robotics (Medium-Term),43-9071.00,58160,30460.0
Proofreaders and Copy Markers,1.7916666666666667,0.48,1.4383333333333335,1.3366666666666667,2,0,-1,Low,-1.6365071928092696,-1.1805975385529222,-2.552261008148568,-0.6159345786183058,1.9363264295302622,Risk: Robotics (Medium-Term),43-9081.00,11430,36960.0
Statistical Assistants,3.3766666666666665,0.54,2.75,0.9166666666666666,3,3,0,Low,0.5969939593310157,-1.120293606713403,-0.24543119524693788,-1.0762831832118023,-0.8308519879648644,Insulated: High-Creativity,43-9111.00,10900,46850.0
"First-Line Supervisors of Farming, Fishing, and Forestry Workers",3.061666666666667,2.5416666666666665,3.2916666666666665,2.7099999999999995,0,1,0,Low,0.1531120268867325,0.8915125638216664,0.7071986512499232,0.8893322871953487,0.18213363594542553,Risk: Robotics (Medium-Term),45-1011.00,19550,45320.0
Agricultural Inspectors,3.23,1.8533333333333335,2.856666666666666,2.2933333333333334,0,1,0,Low,0.39031877385431235,0.1996924568849609,-0.057836394706018604,0.4326372429557696,0.4904736376617882,Risk: Generative AI (Near-Term),45-2011.00,14710,42800.0
Animal Breeders,2.543333333333333,2.581666666666667,2.0416666666666665,2.58,1,0,0,Low,-0.5772968672411641,0.9317151850480131,-1.4911779175889877,0.7468434333926004,2.238021350981588,Risk: Robotics (Medium-Term),45-2021.00,1270,35690.0
"Graders and Sorters, Agricultural Products",1.4383333333333332,2.1666666666666665,1.5,2.75,1,0,0,Low,-2.134406503275874,0.5146129898246717,-2.443807764085849,0.9331750114423489,3.376982775528198,Risk: Robotics (Medium-Term),45-2041.00,38780,22520.0
Agricultural Equipment Operators,1.7933333333333332,2.4783333333333335,1.8950000000000002,3.6233333333333335,1,0,0,Low,-1.6341586111561255,0.8278584135466188,-1.7491207683327525,1.8904078241685085,3.639528592501261,Risk: Robotics (Medium-Term),45-2091.00,28700,28850.0
"Farmworkers and Laborers, Crop, Nursery, and Greenhouse",2.313333333333333,3.2283333333333335,2.21,3.2099999999999995,1,0,0,Low,-0.9014011353750857,1.5816575615406083,-1.1951298729853475,1.4373663402828445,2.632496213268192,Risk: Robotics (Medium-Term),45-2092.00,273450,22000.0
"Farmworkers, Farm, Ranch, and Aquacultural Animals",2.331666666666667,2.875,2.27,3.0,1,0,0,Low,-0.8755667371904968,1.2265344073745508,-1.0896077976810796,1.2071920379860968,2.2967998356671764,Risk: Robotics (Medium-Term),45-2093.00,35670,24520.0
Forest and Conservation Workers,2.398333333333333,3.0416666666666665,2.4166666666666665,2.7099999999999995,1,0,0,Low,-0.7816234710647234,1.3940453291509929,-0.8316649469373144,0.8893322871953487,1.7209972341326631,Risk: Robotics (Medium-Term),45-4011.00,7170,26940.0
Fallers,1.7899999999999998,3.3983333333333334,1.8966666666666665,3.4166666666666665,1,0,0,Low,-1.6388557744624144,1.7525187017525792,-1.7461895995743013,1.6638870822256764,3.4100766817999775,Risk: Robotics (Medium-Term),45-4021.00,5370,37370.0
Logging Equipment Operators,2.2483333333333335,2.3966666666666665,2.268333333333333,3.4599999999999995,1,0,0,Low,-0.992995819847715,0.7457780618761618,-1.092538966439532,1.7113833668265925,2.8039223332661245,Risk: Robotics (Medium-Term),45-4022.00,27250,37490.0
Log Graders and Scalers,2.6666666666666665,2.395,2.686666666666667,2.7900000000000005,1,0,0,Low,-0.4035018249084813,0.7441029526583975,-0.3568156080681088,0.9770177356893491,1.3338333437574579,Risk: Robotics (Medium-Term),45-4023.00,3020,37090.0
First-Line Supervisors of Construction Trades and Extraction Workers,3.145,2.2483333333333335,3.23,2.3766666666666665,0,1,0,Low,0.27054110954395005,0.5966933414951288,0.5987454071872039,0.5239762518036852,-0.07476915538351869,Risk: Robotics (Medium-Term),47-1011.00,538220,62980.0
Boilermakers,2.685,2.8349999999999995,2.373333333333333,3.1666666666666665,1,0,0,Low,-0.37766742672389303,1.1863317861482043,-0.9078753346570635,1.3898700556819286,2.297745390338992,Risk: Robotics (Medium-Term),47-2011.00,16660,62060.0
Brickmasons and Blockmasons,2.31,3.188333333333333,2.33,2.67,1,0,0,Low,-0.9060982986813738,1.5414549403142617,-0.9840857223768118,0.8454895629483495,1.8295752853251614,Risk: Robotics (Medium-Term),47-2021.00,64370,49250.0
Stonemasons,2.4399999999999995,3.44,2.7050000000000005,2.4166666666666665,1,0,0,Low,-0.7229089297361146,1.7943964321966894,-0.3245727517251378,0.5678189760506849,0.8923917277758227,Risk: Robotics (Medium-Term),47-2022.00,13190,39780.0
Carpenters,2.793333333333333,3.186666666666667,2.8349999999999995,2.6666666666666665,1,0,0,Low,-0.22500961926951024,1.5397798310964979,-0.09594158856589277,0.8418360025944328,0.9377775911603256,Risk: Robotics (Medium-Term),47-2031.00,676980,43600.0
Carpet Installers,2.3349999999999995,3.105,2.4166666666666665,2.4633333333333334,1,0,0,Low,-0.8708695738842093,1.457699479426041,-0.8316649469373144,0.6189688210055181,1.4506337679428325,Risk: Robotics (Medium-Term),47-2041.00,25660,38280.0
"Floor Layers, Except Carpet, Wood, and Hard Tiles",1.8549999999999998,2.5866666666666664,2.5,2.5,1,0,0,Low,-1.5472610899897843,0.9367405127013058,-0.68510650901472,0.659157984898601,1.344264493913321,Risk: Robotics (Medium-Term),47-2042.00,10340,37840.0
Floor Sanders and Finishers,1.8766666666666667,2.8966666666666665,2.1233333333333335,2.956666666666667,1,0,0,Low,-1.5167295284989073,1.2483108272054881,-1.347550648424845,1.1596957533851808,2.5072464018100256,Risk: Robotics (Medium-Term),47-2043.00,4590,36860.0
Tile and Stone Setters,2.4783333333333335,2.9166666666666665,2.4166666666666665,2.3733333333333335,1,0,0,Low,-0.6688915517137934,1.2684121378186612,-0.8316649469373144,0.520322691449769,1.3519876383870835,Risk: Robotics (Medium-Term),47-2044.00,36830,40460.0
Cement Masons and Concrete Finishers,2.0399999999999996,3.148333333333333,1.9783333333333335,2.9166666666666665,1,0,0,Low,-1.2865685264907607,1.5012523190879155,-1.6025623304101586,1.1158530291381807,2.7184153595483393,Risk: Robotics (Medium-Term),47-2051.00,173920,39180.0
Terrazzo Workers and Finishers,2.0016666666666665,3.2083333333333335,2.061666666666667,2.9166666666666665,1,0,0,Low,-1.3405859045130806,1.5615562509274352,-1.4560038924875642,1.1158530291381807,2.571856921625745,Risk: Robotics (Medium-Term),47-2053.00,3420,40930.0
Construction Laborers,1.8716666666666668,3.2900000000000005,2.2083333333333335,3.0833333333333335,1,0,0,Low,-1.5237752734583403,1.6436366025978921,-1.198061041743799,1.298531046834013,2.496592088577812,Risk: Robotics (Medium-Term),47-2061.00,912100,33430.0
"Paving, Surfacing, and Tamping Equipment Operators",2.231666666666667,2.6466666666666665,2.02,3.5866666666666664,1,0,0,Low,-1.0164816363791584,0.997044444540825,-1.5292831114488619,1.850218660275425,3.3795017717242866,Risk: Robotics (Medium-Term),47-2071.00,51880,38970.0
Pile Driver Operators,1.9166666666666667,2.5416666666666665,2.0383333333333336,3.5833333333333335,1,0,0,Low,-1.4603635688234426,0.8915125638216664,-1.4970402551058908,1.8465650999215086,3.3436053550273996,Risk: Robotics (Medium-Term),47-2072.00,3570,55070.0
Operating Engineers and Other Construction Equipment Operators,2.2283333333333335,2.5416666666666665,2.355,3.543333333333333,1,0,0,Low,-1.0211787996854473,0.8915125638216664,-0.9401181910000337,1.8027223756745085,2.742840566674542,Risk: Robotics (Medium-Term),47-2073.00,356750,45890.0
Drywall and Ceiling Tile Installers,2.1466666666666665,3.061666666666667,2.0383333333333336,2.6266666666666665,1,0,0,Low,-1.1362593006895214,1.4141466397641662,-1.4970402551058908,0.7979932783474332,2.295033533453324,Risk: Robotics (Medium-Term),47-2081.00,93180,41090.0
Tapers,1.6900000000000002,2.438333333333333,2.0416666666666665,2.5833333333333335,1,0,0,Low,-1.7797706736510754,0.7876557923202722,-1.4911779175889877,0.7504969937465171,2.2416749113355046,Risk: Robotics (Medium-Term),47-2082.00,18480,48990.0
Electricians,3.1650000000000005,3.063333333333333,3.0833333333333335,2.46,0,0,0,Low,0.29872408938168304,1.41582174898193,0.34080255644343865,0.6153152606516014,0.2745127042081627,Risk: Robotics (Medium-Term),47-2111.00,607120,52720.0
Glaziers,2.23,2.685,2.2900000000000005,2.6233333333333335,1,0,0,Low,-1.0188302180323032,1.0355719565494068,-1.0544337725796562,0.7943397179935169,1.8487734905731732,Risk: Robotics (Medium-Term),47-2121.00,47140,41920.0
"Insulation Workers, Floor, Ceiling, and Wall",2.0833333333333335,2.875,2.226666666666667,2.8366666666666664,1,0,0,Low,-1.2255054035090065,1.2265344073745508,-1.165818185400828,1.0281675806441812,2.1939857660450093,Risk: Robotics (Medium-Term),47-2131.00,29500,35660.0
"Insulation Workers, Mechanical",2.2083333333333335,2.855,2.1466666666666665,2.6666666666666665,1,0,0,Low,-1.0493617795231795,1.2064330967613777,-1.306514285806519,0.8418360025944328,2.1483502884009518,Risk: Robotics (Medium-Term),47-2132.00,27270,45430.0
"Painters, Construction and Maintenance",1.9799999999999998,2.793333333333333,2.105,2.75,1,0,0,Low,-1.3711174660039573,1.1444540557040939,-1.3797935047678158,0.9331750114423489,2.312968516210165,Risk: Robotics (Medium-Term),47-2141.00,217280,37570.0
Paperhangers,1.7483333333333337,2.895,2.0833333333333335,2.9133333333333336,1,0,0,Low,-1.6975703157910225,1.2466357179877239,-1.41789869862769,1.1121994687842645,2.5300981674119543,Risk: Robotics (Medium-Term),47-2142.00,3190,33770.0
Pipelayers,2.2716666666666665,2.75,2.27,3.0400000000000005,1,0,0,Low,-0.9601156767036945,1.1009012160422194,-1.0896077976810796,1.251034762233097,2.3406425599141767,Risk: Robotics (Medium-Term),47-2151.00,39620,38410.0
"Plumbers, Pipefitters, and Steamfitters",2.8966666666666665,2.875,2.313333333333333,2.6266666666666665,1,0,0,Low,-0.07939755677455973,1.2265344073745508,-1.0133974099613312,0.7979932783474332,1.8113906883087645,Risk: Robotics (Medium-Term),47-2152.00,411870,51450.0
Plasterers and Stucco Masons,2.125,3.125,2.2466666666666666,2.956666666666667,1,0,0,Low,-1.1667908621803977,1.477800790039214,-1.1306441602994062,1.1596957533851808,2.290339913684587,Risk: Robotics (Medium-Term),47-2161.00,22810,38890.0
Reinforcing Iron and Rebar Workers,2.23,3.2916666666666665,2.0583333333333336,3.0400000000000005,1,0,0,Low,-1.0188302180323032,1.645311711815656,-1.4618662300044682,1.251034762233097,2.7129009922375653,Risk: Robotics (Medium-Term),47-2171.00,20020,47600.0
Roofers,2.063333333333333,3.0400000000000005,2.3966666666666665,2.9166666666666665,1,0,0,Low,-1.2536883833467396,1.392370219933229,-0.8668389720387369,1.1158530291381807,1.9826920011769178,Risk: Robotics (Medium-Term),47-2181.00,116410,37760.0
Sheet Metal Workers,2.563333333333333,2.895,2.2716666666666665,3.0833333333333335,1,0,0,Low,-0.5491138874034318,1.2466357179877239,-1.086676628922628,1.298531046834013,2.385207675756641,Risk: Robotics (Medium-Term),47-2211.00,134450,46940.0
Structural Iron and Steel Workers,2.4783333333333335,3.7083333333333335,2.563333333333333,3.2900000000000005,1,0,0,Low,-0.6688915517137934,2.0640890162567613,-0.5737220961935491,1.5250517887768449,2.098773884970394,Risk: Robotics (Medium-Term),47-2221.00,69440,51800.0
Solar Photovoltaic Installers,2.8766666666666665,2.7266666666666666,2.436666666666667,2.5,1,0,0,Low,-0.10758053661229207,1.0774496869935173,-0.796490921835891,0.659157984898601,1.455648906734492,Risk: Robotics (Medium-Term),47-2231.00,8870,39240.0
"Helpers--Brickmasons, Blockmasons, Stonemasons, and Tile and Marble Setters",2.0433333333333334,3.1666666666666665,2.1033333333333335,3.0400000000000005,1,0,0,Low,-1.2818713631844714,1.5196785204833243,-1.3827246735262675,1.251034762233097,2.6337594357593646,Risk: Robotics (Medium-Term),47-3011.00,23950,30570.0
Helpers--Carpenters,1.9366666666666668,2.918333333333333,2.268333333333334,2.6233333333333335,1,0,0,Low,-1.4321805889857102,1.2700872470364255,-1.0925389664395304,0.7943397179935169,1.8868786844330474,Risk: Robotics (Medium-Term),47-3012.00,35890,28810.0
Helpers--Electricians,1.9799999999999998,2.938333333333333,2.0216666666666665,2.5433333333333334,1,0,0,Low,-1.3711174660039573,1.2901885576495986,-1.5263519426904102,0.7066542694995175,2.2330062121899275,Risk: Robotics (Medium-Term),47-3013.00,71890,29530.0
"Helpers--Painters, Paperhangers, Plasterers, and Stucco Masons",1.4966666666666668,2.9216666666666664,2.1033333333333335,2.3733333333333335,1,0,0,Low,-2.052206145415821,1.2734374654719545,-1.3827246735262675,0.520322691449769,1.9030473649760364,Risk: Robotics (Medium-Term),47-3014.00,10780,27310.0
"Helpers--Pipelayers, Plumbers, Pipefitters, and Steamfitters",1.6466666666666667,2.7099999999999995,2.0383333333333336,2.54,1,0,0,Low,-1.8408337966328288,1.0606985948158727,-1.4970402551058908,0.7030007091456008,2.2000409642514915,Risk: Robotics (Medium-Term),47-3015.00,54080,29030.0
Helpers--Roofers,2.125,3.313333333333333,2.268333333333334,2.7900000000000005,1,0,0,Low,-1.1667908621803977,1.6670881316465933,-1.0925389664395304,0.9770177356893491,2.0695567021288794,Risk: Robotics (Medium-Term),47-3016.00,10190,27670.0
Construction and Building Inspectors,3.1899999999999995,1.3549999999999998,2.9583333333333335,1.6666666666666667,2,3,0,Low,0.33395281417884704,-0.3011651992266014,0.12096489955954755,-0.25423210358055853,-0.37519700314010607,Risk: Generative AI (Near-Term),47-4011.00,94960,58480.0
Elevator and Escalator Installers and Repairers,2.9166666666666665,2.5216666666666665,2.3333333333333335,2.58,1,0,0,Low,-0.05121457693682739,0.8714112532084934,-0.9782233848599079,0.7468434333926004,1.7250668182525084,Risk: Robotics (Medium-Term),47-4021.00,22240,78890.0
Fence Erectors,2.2933333333333334,3.2283333333333335,2.2266666666666666,2.9166666666666665,1,0,0,Low,-0.9295841152128174,1.5816575615406083,-1.1658181854008287,1.1158530291381807,2.2816712145390095,Risk: Robotics (Medium-Term),47-4031.00,21500,33150.0
Hazardous Materials Removal Workers,2.6233333333333335,2.625,2.813333333333333,2.956666666666667,1,0,0,Low,-0.46456494789023417,0.9752680247098877,-0.13404678242576692,1.1596957533851808,1.2937425358109478,Risk: Robotics (Medium-Term),47-4041.00,44280,40640.0
Highway Maintenance Workers,2.2916666666666665,2.956666666666667,2.4983333333333335,3.293333333333333,1,0,0,Low,-0.9319326968659621,1.308614759045008,-0.6880376777731716,1.5287053491307607,2.2167430269039325,Risk: Robotics (Medium-Term),47-4051.00,143320,38130.0
Rail-Track Laying and Maintenance Equipment Operators,2.2916666666666665,3.1466666666666665,2.2083333333333335,3.4166666666666665,1,0,0,Low,-0.9319326968659621,1.4995772098701512,-1.198061041743799,1.6638870822256764,2.8619481239694755,Risk: Robotics (Medium-Term),47-4061.00,14250,53970.0
Septic Tank Servicers and Sewer Pipe Cleaners,2.52,2.9150000000000005,2.3966666666666665,3.25,1,0,0,Low,-0.6101770103851847,1.2667370286008974,-0.8668389720387369,1.4812090645298448,2.348048036568582,Risk: Robotics (Medium-Term),47-4071.00,26320,36430.0
Segmental Pavers,2.4350000000000005,2.793333333333333,2.8733333333333335,2.7099999999999995,1,0,0,Low,-0.7299546746955463,1.1444540557040939,-0.028524707121498336,0.8893322871953487,0.9178569943168471,Risk: Robotics (Medium-Term),47-4091.00,1720,33530.0
"Derrick Operators, Oil and Gas",2.4783333333333335,3.3783333333333325,2.5016666666666665,3.543333333333333,1,0,0,Low,-0.6688915517137934,1.7324173911394052,-0.6821753402562685,1.8027223756745085,2.484897715930777,Risk: Robotics (Medium-Term),47-5011.00,11580,48130.0
"Rotary Drill Operators, Oil and Gas",2.561666666666667,2.858333333333333,2.8983333333333334,3.206666666666667,1,0,0,Low,-0.5514624690565753,1.2097833151969062,0.015442824255279725,1.4337127799289289,1.418269955673649,Risk: Robotics (Medium-Term),47-5012.00,17400,54430.0
"Service Unit Operators, Oil and Gas",2.688333333333333,2.768333333333334,2.625,3.25,1,0,0,Low,-0.37297026341760486,1.1193274174376284,-0.46526885213082897,1.4812090645298448,1.9464779166606738,Risk: Robotics (Medium-Term),47-5013.00,42890,48610.0
Continuous Mining Machine Operators,2.4783333333333335,2.9783333333333335,2.3533333333333335,3.5,1,0,0,Low,-0.6688915517137934,1.330391178875945,-0.9430493597584853,1.7552260910735926,2.698275450832078,Risk: Robotics (Medium-Term),47-5041.00,12030,51840.0
"Rock Splitters, Quarry",1.6866666666666668,3.355,2.081666666666667,3.1666666666666665,1,0,0,Low,-1.784467836957364,1.708965862090704,-1.4208298673861417,1.3898700556819286,2.8106999230680705,Risk: Robotics (Medium-Term),47-5051.00,3770,34020.0
"Roustabouts, Oil and Gas",1.9349999999999998,2.9583333333333335,2.063333333333333,2.9599999999999995,1,0,0,Low,-1.434529170638855,1.310289868262772,-1.4530727237291134,1.1633493137390967,2.61642203746821,Risk: Robotics (Medium-Term),47-5071.00,51290,37340.0
Helpers--Extraction Workers,2.27,3.23,2.2933333333333334,3.2900000000000005,1,0,0,Low,-0.9624642583568386,1.5833326707583726,-1.048571435062753,1.5250517887768449,2.573623223839598,Risk: Robotics (Medium-Term),47-5081.00,17660,35790.0
"First-Line Supervisors of Mechanics, Installers, and Repairers",3.5,2.3766666666666665,3.48,2.33,0,1,0,High (Insulated),0.7707890016636986,0.7256767512629888,1.038420720954986,0.4728264068488526,-0.5655943141061335,Insulated: High-Social,49-1011.00,453330,63540.0
"Computer, Automated Teller, and Office Machine Repairers",2.58,2.1033333333333335,2.7516666666666665,2.4966666666666666,1,0,0,Low,-0.5256280708719876,0.45095883954962407,-0.24250002648848631,0.6555044245446843,0.8980044510331706,Risk: Robotics (Medium-Term),49-2011.00,102170,37100.0
"Radio, Cellular, and Tower Equipment Installers and Repairers",2.8966666666666665,2.625,2.606666666666666,2.4966666666666666,1,0,0,Low,-0.07939755677455973,0.9752680247098877,-0.4975117084738008,0.6555044245446843,1.1530161330184852,Risk: Robotics (Medium-Term),49-2021.00,14120,52480.0
"Telecommunications Equipment Installers and Repairers, Except Line Installers",3.0400000000000005,2.98,2.77,2.4133333333333336,0,0,0,Low,0.12258046539585608,1.3320662880937093,-0.21025717014551526,0.5641654156967687,0.774422585842284,Risk: Robotics (Medium-Term),49-2022.00,228430,53640.0
Avionics Technicians,3.1650000000000005,2.2916666666666665,2.77,2.4166666666666665,0,1,0,Low,0.29872408938168304,0.6402461811570033,-0.21025717014551526,0.5678189760506849,0.7780761461962001,Risk: Robotics (Medium-Term),49-2091.00,17330,60760.0
"Electric Motor, Power Tool, and Related Repairers",2.8349999999999995,2.7916666666666665,2.565,3.0,1,0,0,Low,-0.16629507794090145,1.1427789464863296,-0.5707909274350967,1.2071920379860968,1.7779829654211934,Risk: Robotics (Medium-Term),49-2092.00,17050,41570.0
"Electrical and Electronics Installers and Repairers, Transportation Equipment",2.605,2.3733333333333335,2.6033333333333335,2.5,1,0,0,Low,-0.4903993460748224,0.7223265328274603,-0.5033740459907031,0.659157984898601,1.1625320308893041,Risk: Robotics (Medium-Term),49-2093.00,13960,59280.0
"Electrical and Electronics Repairers, Commercial and Industrial Equipment",3.293333333333333,2.688333333333333,2.8766666666666665,2.5833333333333335,0,0,0,Low,0.47956487667379755,1.0389221749849353,-0.02266236960459522,0.7504969937465171,0.7731593633511123,Risk: Robotics (Medium-Term),49-2094.00,67390,56250.0
"Electrical and Electronics Repairers, Powerhouse, Substation, and Relay",3.043333333333333,2.4966666666666666,2.625,2.46,0,1,0,Low,0.12727762870214365,0.8462846149420272,-0.46526885213082897,0.6153152606516014,1.0805841127824303,Risk: Robotics (Medium-Term),49-2095.00,23060,75670.0
"Electronic Equipment Installers and Repairers, Motor Vehicles",2.668333333333333,2.52,2.67,2.5366666666666666,1,0,0,Low,-0.4011532432553372,0.8697361439907292,-0.38612729565262827,0.699347148791684,1.0854744444443123,Risk: Robotics (Medium-Term),49-2096.00,11750,32220.0
Audiovisual Equipment Installers and Repairers,2.875,2.605,2.5416666666666665,2.25,1,0,0,Low,-0.10992911826543617,0.9551667140967146,-0.6118272900534233,0.3851409583548532,0.9969682484082765,Risk: Robotics (Medium-Term),49-2097.00,25550,37410.0
Security and Fire Alarm Systems Installers,2.73,2.456666666666667,2.5033333333333334,2.2933333333333334,1,0,0,Low,-0.31425572208899544,0.8060819937156815,-0.6792441714978161,0.4326372429557696,1.1118814144535858,Risk: Robotics (Medium-Term),49-2098.00,67700,44330.0
Aircraft Mechanics and Service Technicians,3.418333333333333,2.955,2.7916666666666665,3.0833333333333335,0,0,0,Low,0.6557085006596245,1.3069396498272432,-0.1721519762856411,1.298531046834013,1.4706830231196542,Risk: Robotics (Medium-Term),49-3011.00,128570,60170.0
Automotive Body and Related Repairers,2.5416666666666665,2.7916666666666665,2.5833333333333335,2.6633333333333336,1,0,0,Low,-0.5796454488943082,1.1427789464863296,-0.5385480710921258,0.8381824422405165,1.3767305133326424,Risk: Robotics (Medium-Term),49-3021.00,143940,41540.0
Automotive Glass Installers and Repairers,2.1483333333333334,2.4983333333333335,2.3516666666666666,2.6666666666666665,1,0,0,Low,-1.1339107190363766,0.8479597241597918,-0.9459805285169376,0.8418360025944328,1.7878165311113703,Risk: Robotics (Medium-Term),49-3022.00,18610,34340.0
Automotive Service Technicians and Mechanics,2.8966666666666665,2.855,2.625,2.706666666666667,1,0,0,Low,-0.07939755677455973,1.2064330967613777,-0.46526885213082897,0.885678726841433,1.350947578972262,Risk: Robotics (Medium-Term),49-3023.00,647380,38470.0
Bus and Truck Mechanics and Diesel Engine Specialists,2.668333333333333,2.851666666666667,2.4583333333333335,2.8333333333333335,1,0,0,Low,-0.4011532432553372,1.2030828783258494,-0.7583857279760168,1.0245140202902652,1.7828997482662818,Risk: Robotics (Medium-Term),49-3031.00,254280,45170.0
Farm Equipment Mechanics and Service Technicians,2.831666666666667,3.125,2.1666666666666665,3.1266666666666665,1,0,0,Low,-0.17099224124718904,1.477800790039214,-1.2713402607050965,1.346027331434929,2.6173675921400257,Risk: Robotics (Medium-Term),49-3041.00,35110,37820.0
"Mobile Heavy Equipment Mechanics, Except Engines",2.855,3.313333333333333,2.6850000000000005,3.1633333333333336,1,0,0,Low,-0.1381120981031685,1.6670881316465933,-0.35974677682656037,1.3862164953280123,1.7459632721545726,Risk: Robotics (Medium-Term),49-3042.00,123570,49370.0
Rail Car Repairers,2.5833333333333335,3.313333333333333,2.2466666666666666,3.0866666666666664,1,0,0,Low,-0.5209309075656988,1.6670881316465933,-1.1306441602994062,1.3021846071879293,2.4328287674873357,Risk: Robotics (Medium-Term),49-3043.00,22090,55000.0
Motorboat Mechanics and Service Technicians,2.5416666666666665,2.5433333333333334,1.9983333333333337,2.9599999999999995,1,0,0,Low,-0.5796454488943082,0.8931876730394311,-1.5673883053087356,1.1633493137390967,2.730737619047832,Risk: Robotics (Medium-Term),49-3051.00,20260,38780.0
Motorcycle Mechanics,2.5833333333333335,2.8533333333333335,2.6233333333333335,2.6266666666666665,1,0,0,Low,-0.5209309075656988,1.2047579875436136,-0.46820002088928053,0.7979932783474332,1.2661932992367138,Risk: Robotics (Medium-Term),49-3052.00,16000,34720.0
Outdoor Power Equipment and Other Small Engine Mechanics,2.436666666666667,2.581666666666667,2.2916666666666665,2.75,1,0,0,Low,-0.7276060930424022,0.9317151850480131,-1.0515026038212054,0.9331750114423489,1.9846776152635544,Risk: Robotics (Medium-Term),49-3053.00,33020,33730.0
Bicycle Repairers,2.476666666666667,2.6666666666666665,2.768333333333333,2.3766666666666665,1,0,0,Low,-0.6712401333669376,1.017145755153998,-0.2131883389039676,0.5239762518036852,0.7371645907076528,Risk: Robotics (Medium-Term),49-3091.00,12560,27630.0
Recreational Vehicle Service Technicians,2.5866666666666664,2.7483333333333335,2.748333333333333,2.67,1,0,0,Low,-0.5162337442594106,1.099226106824455,-0.24836236400539022,0.8454895629483495,1.0938519269537397,Risk: Robotics (Medium-Term),49-3092.00,13520,36430.0
Tire Repairers and Changers,2.061666666666667,2.7483333333333335,2.2266666666666666,3.0,1,0,0,Low,-1.256036964999883,1.099226106824455,-1.1658181854008287,1.2071920379860968,2.3730102233869257,Risk: Robotics (Medium-Term),49-3093.00,109350,25040.0
Mechanical Door Repairers,2.456666666666667,3.02,2.7099999999999995,2.7099999999999995,1,0,0,Low,-0.6994231132046699,1.3722689093200555,-0.31577924544978386,0.8893322871953487,1.2051115326451325,Risk: Robotics (Medium-Term),49-9011.00,19840,38480.0
"Control and Valve Installers and Repairers, Except Mechanical Door",2.5800000000000005,2.475,2.356666666666666,2.4166666666666665,1,0,0,Low,-0.525628070871987,0.8245081951110899,-0.937187022241583,0.5678189760506849,1.5050059982922679,Risk: Robotics (Medium-Term),49-9012.00,45740,54520.0
"Heating, Air Conditioning, and Refrigeration Mechanics and Installers",3.1666666666666665,3.0233333333333334,2.75,2.5433333333333334,0,0,0,Low,0.3010726710348265,1.3756191277555845,-0.24543119524693788,0.7066542694995175,0.9520854647464554,Risk: Robotics (Medium-Term),49-9021.00,294730,45910.0
Home Appliance Repairers,2.581666666666667,2.7516666666666665,2.52,2.7099999999999995,1,0,0,Low,-0.5232794892188429,1.1025763252599834,-0.6499324839132974,0.8893322871953487,1.539264771108646,Risk: Robotics (Medium-Term),49-9031.00,33480,37570.0
Industrial Machinery Mechanics,2.9399999999999995,3.02,2.27,3.043333333333333,1,0,0,Low,-0.018334433792806852,1.3722689093200555,-1.0896077976810796,1.2546883225870127,2.3442961202680923,Risk: Robotics (Medium-Term),49-9041.00,334490,50040.0
"Maintenance Workers, Machinery",2.4166666666666665,2.52,2.186666666666667,2.9166666666666665,1,0,0,Low,-0.7557890728801352,0.8697361439907292,-1.2361662356036731,1.1158530291381807,2.3520192647418536,Risk: Robotics (Medium-Term),49-9043.00,89630,44550.0
Millwrights,2.813333333333333,3.3533333333333335,2.851666666666667,3.25,1,0,0,Low,-0.1968266394317779,1.7072907528729397,-0.0666299009813725,1.4812090645298448,1.5478389655112172,Risk: Robotics (Medium-Term),49-9044.00,39670,52440.0
"Refractory Materials Repairers, Except Brickmasons",2.061666666666666,2.6283333333333334,2.19,3.0,1,0,0,Low,-1.2560369649998844,0.9786182431454166,-1.23030389808677,1.2071920379860968,2.4374959360728665,Risk: Robotics (Medium-Term),49-9045.00,1540,45230.0
Electrical Power-Line Installers and Repairers,2.77,3.293333333333333,2.643333333333334,3.0833333333333335,1,0,0,Low,-0.2578897624135308,1.6469868210334202,-0.4330259957878571,1.298531046834013,1.73155704262187,Risk: Robotics (Medium-Term),49-9051.00,117670,68010.0
Telecommunications Line Installers and Repairers,2.6466666666666665,2.6016666666666666,2.5416666666666665,2.7466666666666666,1,0,0,Low,-0.4316848047462136,0.9518164956611856,-0.6118272900534233,0.9295214510884322,1.5413487411418556,Risk: Robotics (Medium-Term),49-9052.00,100080,52590.0
Camera and Photographic Equipment Repairers,2.6650000000000005,1.5,2.0000000000000004,2.1266666666666665,1,0,0,Low,-0.40585040656162474,-0.1554306972810965,-1.5644571365502835,0.24995922525993733,1.814416361810221,Risk: Robotics (Medium-Term),49-9061.00,3760,41060.0
Medical Equipment Repairers,3.02,2.436666666666667,2.731666666666666,2.4133333333333336,0,1,0,Low,0.09439748555812312,0.7859806831025085,-0.2776740515899097,0.5641654156967687,0.8418394672866785,Risk: Robotics (Medium-Term),49-9062.00,43370,48070.0
Musical Instrument Repairers and Tuners,2.7716666666666665,2.563333333333333,2.775,2.7533333333333334,1,0,0,Low,-0.2555411807603867,0.9132889836526038,-0.2014636638701598,0.9368285717962657,1.1382922356664253,Risk: Robotics (Medium-Term),49-9063.00,7980,35010.0
Watch and Clock Repairers,2.4399999999999995,1.5216666666666665,2.1216666666666666,2.7099999999999995,1,0,0,Low,-0.7229089297361146,-0.13365427745015923,-1.3504818171832973,0.8893322871953487,2.239814104378646,Risk: Robotics (Medium-Term),49-9064.00,1620,36740.0
"Maintenance and Repair Workers, General",2.625,2.8966666666666665,2.48,2.706666666666667,1,0,0,Low,-0.46221636623709006,1.2483108272054881,-0.7202805341161427,0.885678726841433,1.6059592609575757,Risk: Robotics (Medium-Term),49-9071.00,1332480,36940.0
Wind Turbine Service Technicians,2.9150000000000005,3.145,2.438333333333333,2.7900000000000005,1,0,0,Low,-0.05356315858997086,1.4979021006523872,-0.7935597530774402,0.9770177356893491,1.7705774887667893,Risk: Robotics (Medium-Term),49-9081.00,4580,52260.0
"Coin, Vending, and Amusement Machine Servicers and Repairers",2.5416666666666665,2.2083333333333335,2.101666666666667,2.6666666666666665,1,0,0,Low,-0.5796454488943082,0.5564907202687825,-1.385655842284719,0.8418360025944328,2.2274918448791516,Risk: Robotics (Medium-Term),49-9091.00,33600,33070.0
Commercial Divers,2.895,3.185,2.81,2.75,1,0,0,Low,-0.08174613842770383,1.5381047218787331,-0.13990911994267005,0.9331750114423489,1.073084131385019,Risk: Robotics (Medium-Term),49-9092.00,3370,49090.0
Locksmiths and Safe Repairers,2.52,2.501666666666667,2.31,2.75,1,0,0,Low,-0.6101770103851847,0.8513099425953208,-1.0192597474782343,0.9331750114423489,1.9524347589205833,Risk: Robotics (Medium-Term),49-9094.00,18640,40420.0
Manufactured Building and Mobile Home Installers,2.875,3.4583333333333335,2.9983333333333335,3.0,0,0,0,Low,-0.10992911826543617,1.8128226335920983,0.19131294976239274,1.2071920379860968,1.015879088223704,Risk: Robotics (Medium-Term),49-9095.00,3200,29810.0
Riggers,2.331666666666667,2.875,2.3716666666666666,3.0,1,0,0,Low,-0.8755667371904968,1.2265344073745508,-0.9108065034155151,1.2071920379860968,2.1179985414016116,Risk: Robotics (Medium-Term),49-9096.00,21020,45690.0
Signal and Track Switch Repairers,2.7099999999999995,2.793333333333333,2.33,3.0833333333333335,1,0,0,Low,-0.34243870192672843,1.1444540557040939,-0.9840857223768118,1.298531046834013,2.282616769210825,Risk: Robotics (Medium-Term),49-9097.00,8680,65350.0
"Helpers--Installation, Maintenance, and Repair Workers",2.228333333333333,3.0600000000000005,2.0216666666666665,2.793333333333333,1,0,0,Low,-1.021178799685448,1.4124715305464022,-1.5263519426904102,0.9806712960432649,2.507023238733675,Risk: Robotics (Medium-Term),49-9098.00,118720,27510.0
First-Line Supervisors of Production and Operating Workers,3.25,2.313333333333333,3.3333333333333335,2.2933333333333334,0,1,0,High (Insulated),0.4185017536920447,0.6620226009879406,0.7804778702112208,0.4326372429557696,-0.34784062725545123,Insulated: High-Social,51-1011.00,610480,57780.0
"Aircraft Structure, Surfaces, Rigging, and Systems Assemblers",2.77,2.686666666666667,2.481666666666666,2.67,1,0,0,Low,-0.2578897624135308,1.0372470657671715,-0.7173493653576919,0.8454895629483495,1.5628389283060415,Risk: Robotics (Medium-Term),51-2011.00,42010,50050.0
"Coil Winders, Tapers, and Finishers",1.835,2.2083333333333335,1.8533333333333335,3.203333333333333,1,0,0,Low,-1.5754440698275163,0.5564907202687825,-1.8223999872940497,1.4300592195750115,3.2524592068690614,Risk: Robotics (Medium-Term),51-2021.00,14090,33940.0
Electrical and Electronic Equipment Assemblers,2.1033333333333335,2.27,2.3366666666666664,2.7099999999999995,1,0,0,Low,-1.1973224236712743,0.618469761326066,-0.9723610473430048,0.8893322871953487,1.8616933345383535,Risk: Robotics (Medium-Term),51-2022.00,218530,31310.0
Electromechanical Equipment Assemblers,2.106666666666667,2.186666666666667,1.7066666666666668,2.54,1,0,0,Low,-1.1926252603649854,0.5347143004378453,-2.0803428380378155,0.7030007091456008,2.7833435471834163,Risk: Robotics (Medium-Term),51-2023.00,45540,33350.0
Engine and Other Machine Assemblers,2.2916666666666665,2.563333333333333,2.1033333333333335,2.8333333333333335,1,0,0,Low,-0.9319326968659621,0.9132889836526038,-1.3827246735262675,1.0245140202902652,2.4072386938165327,Risk: Robotics (Medium-Term),51-2031.00,38150,41210.0
Structural Metal Fabricators and Fitters,1.6233333333333337,2.54,2.188333333333333,3.2099999999999995,1,0,0,Low,-1.8737139397768494,0.8898374546039023,-1.2332350668452223,1.4373663402828445,2.670601407128067,Risk: Robotics (Medium-Term),51-2041.00,77270,37730.0
Team Assemblers,2.25,2.5400000000000005,2.668333333333333,2.8766666666666665,1,0,0,Low,-0.9906472381945709,0.8898374546039027,-0.3890584644110806,1.072010304891181,1.4610687693022617,Risk: Robotics (Medium-Term),51-2092.00,1112780,30060.0
Bakers,2.2283333333333335,1.9183333333333332,2.23,2.1233333333333335,1,0,0,Low,-1.0211787996854473,0.26502171637777305,-1.159955847883925,0.2463056649060211,1.406261512789946,Risk: Robotics (Medium-Term),51-3011.00,180450,25090.0
Butchers and Meat Cutters,2.3333333333333335,2.5216666666666665,2.731666666666667,2.83,1,0,0,Low,-0.8732181555373527,0.8714112532084934,-0.27767405158990816,1.0208604599363484,1.2985345115262565,Risk: Robotics (Medium-Term),51-3021.00,133880,29870.0
"Meat, Poultry, and Fish Cutters and Trimmers",1.8099999999999998,2.395,2.25,2.8366666666666664,1,0,0,Low,-1.610672794624682,0.7441029526583975,-1.1247818227825022,1.0281675806441812,2.1529494034266836,Risk: Robotics (Medium-Term),51-3022.00,149800,24490.0
Slaughterers and Meat Packers,1.4166666666666667,2.54,1.5,3.203333333333333,1,0,0,Low,-2.1649380647667504,0.8898374546039023,-2.443807764085849,1.4300592195750115,3.8738669836608604,Risk: Robotics (Medium-Term),51-3023.00,80780,26590.0
"Food and Tobacco Roasting, Baking, and Drying Machine Operators and Tenders",2.0183333333333335,2.436666666666667,2.3716666666666666,2.92,1,0,0,Low,-1.3171000879816366,0.7859806831025085,-0.9108065034155151,1.1195065894920975,2.0303130929076127,Risk: Robotics (Medium-Term),51-3091.00,20080,28570.0
Food Batchmakers,2.1666666666666665,2.1233333333333335,2.33,2.75,1,0,0,Low,-1.108076320851789,0.4710601501627971,-0.9840857223768118,0.9331750114423489,1.9172607338191607,Risk: Robotics (Medium-Term),51-3092.00,148540,27810.0
Food Cooking Machine Operators and Tenders,1.9816666666666667,2.188333333333333,2.101666666666667,2.8766666666666665,1,0,0,Low,-1.3687688843508128,0.536389409655609,-1.385655842284719,1.072010304891181,2.4576661471759,Risk: Robotics (Medium-Term),51-3093.00,36520,28350.0
"Extruding and Drawing Machine Setters, Operators, and Tenders, Metal and Plastic",2.4166666666666665,2.8316666666666666,2.1266666666666665,3.2900000000000005,1,0,0,Low,-0.7557890728801352,1.1829815677126758,-1.3416883109079418,1.5250517887768449,2.8667400996847867,Risk: Robotics (Medium-Term),51-4021.00,71960,33870.0
"Forging Machine Setters, Operators, and Tenders, Metal and Plastic",2.2716666666666665,2.456666666666667,2.268333333333333,3.17,1,0,0,Low,-0.9601156767036945,0.8060819937156815,-1.092538966439532,1.3935236160358453,2.4860625824753773,Risk: Robotics (Medium-Term),51-4022.00,19160,36930.0
"Rolling Machine Setters, Operators, and Tenders, Metal and Plastic",2.6466666666666665,2.895,2.2916666666666665,3.543333333333333,1,0,0,Low,-0.4316848047462136,1.2466357179877239,-1.0515026038212054,1.8027223756745085,2.854224979495714,Risk: Robotics (Medium-Term),51-4023.00,29060,40680.0
"Cutting, Punching, and Press Machine Setters, Operators, and Tenders, Metal and Plastic",2.186666666666667,2.6216666666666666,2.0416666666666665,3.25,1,0,0,Low,-1.079893341014056,0.9719178062743588,-1.4911779175889877,1.4812090645298448,2.9723869821188327,Risk: Robotics (Medium-Term),51-4031.00,192800,32370.0
"Drilling and Boring Machine Tool Setters, Operators, and Tenders, Metal and Plastic",2.48,2.5416666666666665,2.061666666666667,3.25,1,0,0,Low,-0.6665429700606493,0.8915125638216664,-1.4560038924875642,1.4812090645298448,2.937212957017409,Risk: Robotics (Medium-Term),51-4032.00,12290,36410.0
"Grinding, Lapping, Polishing, and Buffing Machine Tool Setters, Operators, and Tenders, Metal and Plastic",2.48,2.56,1.9366666666666668,3.5,1,0,0,Low,-0.6665429700606493,0.9099387652170753,-1.6758415493714558,1.7552260910735926,3.4310676404450486,Risk: Robotics (Medium-Term),51-4033.00,74600,32890.0
"Lathe and Turning Machine Tool Setters, Operators, and Tenders, Metal and Plastic",2.3333333333333335,2.5400000000000005,1.7483333333333337,3.0833333333333335,1,0,0,Low,-0.8732181555373527,0.8898374546039027,-2.0070636190765176,1.298531046834013,3.3055946659105304,Risk: Robotics (Medium-Term),51-4034.00,33850,38480.0
"Milling and Planing Machine Setters, Operators, and Tenders, Metal and Plastic",2.356666666666666,2.5833333333333335,1.875,3.1233333333333335,1,0,0,Low,-0.8403380123933328,0.9333902942657774,-1.7842947934341755,1.3423737710810126,3.126668564515188,Risk: Robotics (Medium-Term),51-4035.00,17560,39840.0
Machinists,2.686666666666667,2.6216666666666666,2.4766666666666666,3.08,1,0,0,Low,-0.3753188450707483,0.9719178062743588,-0.7261428716330466,1.2948774864800963,2.0210203581131427,Risk: Robotics (Medium-Term),51-4041.00,391120,41700.0
Metal-Refining Furnace Operators and Tenders,2.4783333333333335,2.895,2.186666666666667,3.3766666666666665,1,0,0,Low,-0.6688915517137934,1.2466357179877239,-1.2361662356036731,1.6200443579786767,2.85621059358235,Risk: Robotics (Medium-Term),51-4051.00,17730,41040.0
"Pourers and Casters, Metal",2.0833333333333335,2.52,2.105,2.9966666666666666,1,0,0,Low,-1.2255054035090065,0.8697361439907292,-1.3797935047678158,1.20353847763218,2.583331982399996,Risk: Robotics (Medium-Term),51-4052.00,8560,36180.0
"Model Makers, Metal and Plastic",2.313333333333333,2.6466666666666665,2.063333333333333,2.956666666666667,1,0,0,Low,-0.9014011353750857,0.997044444540825,-1.4530727237291134,1.1596957533851808,2.6127684771142943,Risk: Robotics (Medium-Term),51-4061.00,6250,48550.0
"Patternmakers, Metal and Plastic",2.4150000000000005,2.205,2.1033333333333335,2.8733333333333335,1,0,0,Low,-0.7581376545332786,0.5531405018332537,-1.3827246735262675,1.0683567445372648,2.4510814180635325,Risk: Robotics (Medium-Term),51-4062.00,3420,44210.0
Foundry Mold and Coremakers,1.7066666666666668,3.0216666666666665,1.8733333333333337,3.1633333333333336,1,0,0,Low,-1.756284857119632,1.3739440185378198,-1.7872259621926267,1.3862164953280123,3.173442457520639,Risk: Robotics (Medium-Term),51-4071.00,12810,34790.0
"Molding, Coremaking, and Casting Machine Setters, Operators, and Tenders, Metal and Plastic",2.018333333333333,2.938333333333333,1.9766666666666672,3.0400000000000005,1,0,0,Low,-1.3171000879816372,1.2901885576495986,-1.6054934991686098,1.251034762233097,2.856528261401707,Risk: Robotics (Medium-Term),51-4072.00,145560,30480.0
"Multiple Machine Tool Setters, Operators, and Tenders, Metal and Plastic",2.581666666666667,2.563333333333333,2.4600000000000004,3.3766666666666665,1,0,0,Low,-0.5232794892188429,0.9132889836526038,-0.7554545592175644,1.6200443579786767,2.375498917196241,Risk: Robotics (Medium-Term),51-4081.00,117300,34340.0
Tool and Die Makers,2.77,2.5216666666666665,1.8116666666666668,2.9633333333333334,1,0,0,Low,-0.2578897624135308,0.8714112532084934,-1.895679206255347,1.1670028740930138,3.0626820803483605,Risk: Robotics (Medium-Term),51-4111.00,72210,51060.0
"Welders, Cutters, Solderers, and Brazers",2.0833333333333335,2.4166666666666665,1.75,2.9599999999999995,1,0,0,Low,-1.2255054035090065,0.7658793724893349,-2.0041324503180666,1.1633493137390967,3.1674817640571633,Risk: Robotics (Medium-Term),51-4121.00,382730,39390.0
"Welding, Soldering, and Brazing Machine Setters, Operators, and Tenders",2.2716666666666665,2.5,2.105,3.206666666666667,1,0,0,Low,-0.9601156767036945,0.8496348333775561,-1.3797935047678158,1.4337127799289289,2.8135062846967447,Risk: Robotics (Medium-Term),51-4122.00,46920,36980.0
"Heat Treating Equipment Setters, Operators, and Tenders, Metal and Plastic",2.373333333333333,2.936666666666667,2.293333333333333,3.33,1,0,0,Low,-0.8168521958618886,1.2885134484318348,-1.048571435062754,1.568894513023844,2.617465948086598,Risk: Robotics (Medium-Term),51-4191.00,19780,37180.0
"Layout Workers, Metal and Plastic",2.5649999999999995,2.518333333333334,2.27,2.5433333333333334,1,0,0,Low,-0.5467653057502877,0.8680610347729654,-1.0896077976810796,0.7066542694995175,1.796262067180597,Risk: Robotics (Medium-Term),51-4192.00,9070,45820.0
"Plating Machine Setters, Operators, and Tenders, Metal and Plastic",1.9566666666666663,2.5833333333333335,2.268333333333333,2.7900000000000005,1,0,0,Low,-1.4039976091479787,0.9333902942657774,-1.092538966439532,0.9770177356893491,2.069556702128881,Risk: Robotics (Medium-Term),51-4193.00,35570,31280.0
"Tool Grinders, Filers, and Sharpeners",2.6266666666666665,2.645,2.123333333333333,3.2099999999999995,1,0,0,Low,-0.45986778458394595,0.9953693353230607,-1.3475506484248456,1.4373663402828445,2.78491698870769,Risk: Robotics (Medium-Term),51-4194.00,9550,36650.0
Prepress Technicians and Workers,2.5433333333333334,1.125,2.5416666666666665,2.29,2,0,0,Low,-0.5772968672411635,-0.5323302712780913,-0.6118272900534233,0.4289836826018529,1.0408109726552761,Risk: Robotics (Medium-Term),51-5111.00,33340,38930.0
Printing Press Operators,2.52,2.5400000000000005,2.5833333333333335,3.2099999999999995,1,0,0,Low,-0.6101770103851847,0.8898374546039027,-0.5385480710921258,1.4373663402828445,1.9759144113749703,Risk: Robotics (Medium-Term),51-5112.00,169910,35530.0
Print Binding and Finishing Workers,2.48,2.685,2.4166666666666665,2.8733333333333335,1,0,0,Low,-0.6665429700606493,1.0355719565494068,-0.8316649469373144,1.0683567445372648,1.900021691474579,Risk: Robotics (Medium-Term),51-5113.00,52730,31410.0
Laundry and Dry-Cleaning Workers,1.8516666666666666,2.33,2.2066666666666666,2.83,1,0,0,Low,-1.551958253296073,0.6787736931655852,-1.2009922105022512,1.0208604599363484,2.2218526704386,Risk: Robotics (Medium-Term),51-6011.00,207710,21510.0
"Pressers, Textile, Garment, and Related Materials",1.4783333333333333,2.4783333333333335,1.2916666666666667,3.2466666666666666,1,0,0,Low,-2.0780405436004092,0.8278584135466188,-2.8102038588923337,1.477555504175928,4.287759363068262,Risk: Robotics (Medium-Term),51-6021.00,45150,21300.0
Sewing Machine Operators,1.7666666666666668,2.31,1.6683333333333332,3.4166666666666665,1,0,0,Low,-1.6717359176064348,0.6586723825524121,-2.147759719482209,1.6638870822256764,3.8116468017078855,Risk: Robotics (Medium-Term),51-6031.00,139500,23670.0
Shoe and Leather Workers and Repairers,1.8150000000000002,2.185,2.06,2.9966666666666666,1,0,0,Low,-1.6036270496652485,0.5330391912200806,-1.4589350612460166,1.20353847763218,2.6624735388781966,Risk: Robotics (Medium-Term),51-6041.00,7780,23940.0
Shoe Machine Operators and Tenders,2.168333333333333,2.311666666666667,1.7299999999999998,3.1233333333333335,1,0,0,Low,-1.1057277391986449,0.6603474917701768,-2.0393064754194894,1.3423737710810126,3.381680246500502,Risk: Robotics (Medium-Term),51-6042.00,3500,26150.0
"Sewers, Hand",1.8950000000000002,1.75,1.8133333333333332,2.7099999999999995,1,0,0,Low,-1.490895130314319,0.09583568538356663,-1.8927480374968952,0.8893322871953487,2.782080324692244,Risk: Robotics (Medium-Term),51-6051.00,6540,24520.0
"Tailors, Dressmakers, and Custom Sewers",2.081666666666667,1.96,2.355,2.5833333333333335,1,0,0,Low,-1.2278539851621506,0.30689944682188364,-0.9401181910000337,0.7504969937465171,1.6906151847465507,Risk: Robotics (Medium-Term),51-6052.00,21660,28240.0
Textile Bleaching and Dyeing Machine Operators and Tenders,2.206666666666667,2.5416666666666665,2.063333333333333,3.2099999999999995,1,0,0,Low,-1.0517103611763237,0.8915125638216664,-1.4530727237291134,1.4373663402828445,2.890439064011958,Risk: Robotics (Medium-Term),51-6061.00,10860,27270.0
"Textile Cutting Machine Setters, Operators, and Tenders",2.373333333333333,2.625,2.018333333333333,3.2099999999999995,1,0,0,Low,-0.8168521958618886,0.9752680247098877,-1.5322142802073142,1.4373663402828445,2.9695806204901585,Risk: Robotics (Medium-Term),51-6062.00,15040,26090.0
"Textile Knitting and Weaving Machine Setters, Operators, and Tenders",1.6233333333333333,2.52,1.6883333333333332,3.1666666666666665,1,0,0,Low,-1.87371393977685,0.8697361439907292,-2.1125856943807864,1.3898700556819286,3.502455750062715,Risk: Robotics (Medium-Term),51-6063.00,21550,27470.0
"Textile Winding, Twisting, and Drawing Out Machine Setters, Operators, and Tenders",2.25,3.023333333333333,2.04,3.2900000000000005,1,0,0,Low,-0.9906472381945709,1.375619127755584,-1.494109086347439,1.5250517887768449,3.019160875124284,Risk: Robotics (Medium-Term),51-6064.00,30340,27500.0
"Extruding and Forming Machine Setters, Operators, and Tenders, Synthetic and Glass Fibers",2.3966666666666665,2.5833333333333335,2.393333333333333,3.0833333333333335,1,0,0,Low,-0.7839720527178675,0.9333902942657774,-0.8727013095556408,1.298531046834013,2.1712323563896536,Risk: Robotics (Medium-Term),51-6091.00,19340,34240.0
Fabric and Apparel Patternmakers,2.918333333333333,2.206666666666667,2.7916666666666665,1.9966666666666668,0,1,0,Low,-0.04886599528368329,0.5548156110510183,-0.1721519762856411,0.10747037145718878,0.2796223477428299,Risk: Robotics (Medium-Term),51-6092.00,5310,39650.0
Upholsterers,2.5416666666666665,3.0833333333333335,2.5833333333333335,2.83,1,0,0,Low,-0.5796454488943082,1.4359230595951036,-0.5385480710921258,1.0208604599363484,1.5594085310284742,Risk: Robotics (Medium-Term),51-6093.00,32520,33050.0
Cabinetmakers and Bench Carpenters,2.48,3.295,2.23,3.0,1,0,0,Low,-0.6665429700606493,1.648661930251185,-1.159955847883925,1.2071920379860968,2.367147885870022,Risk: Robotics (Medium-Term),51-7011.00,97980,33050.0
Furniture Finishers,2.3533333333333335,3.0,2.455,2.6233333333333335,1,0,0,Low,-0.8450351756996204,1.3521675987068824,-0.7642480654929207,0.7943397179935169,1.5585877834864377,Risk: Robotics (Medium-Term),51-7021.00,17370,30550.0
"Model Makers, Wood",2.48,2.5216666666666665,2.1466666666666665,2.7099999999999995,1,0,0,Low,-0.6665429700606493,0.8714112532084934,-1.306514285806519,0.8893322871953487,2.1958465730018677,Risk: Robotics (Medium-Term),51-7031.00,1040,40890.0
"Patternmakers, Wood",2.6233333333333335,2.81,2.02,3.1666666666666665,1,0,0,Low,-0.46456494789023417,1.1612051478817385,-1.5292831114488619,1.3898700556819286,2.9191531671307906,Risk: Robotics (Medium-Term),51-7032.00,970,46510.0
"Sawing Machine Setters, Operators, and Tenders, Wood",2.063333333333333,2.6666666666666665,1.955,3.25,1,0,0,Low,-1.2536883833467396,1.017145755153998,-1.6435986930284852,1.4812090645298448,3.12480775755833,Risk: Robotics (Medium-Term),51-7041.00,50640,28380.0
"Woodworking Machine Setters, Operators, and Tenders, Except Sawing",1.9799999999999998,2.811666666666667,1.7099999999999997,3.25,1,0,0,Low,-1.3711174660039573,1.1628802570995032,-2.074480500520912,1.4812090645298448,3.555689565050757,Risk: Robotics (Medium-Term),51-7042.00,76130,28510.0
Nuclear Power Reactor Operators,3.2716666666666665,0.8116666666666666,2.98,2.4166666666666665,2,3,0,Low,0.4490333151829211,-0.8472508042178024,0.15907009341942172,0.5678189760506849,0.4087488826312632,Risk: Generative AI (Near-Term),51-8011.00,7170,91170.0
Power Distributors and Dispatchers,3.148333333333333,0.8133333333333334,2.811666666666666,1.8766666666666667,2,3,0,Low,0.2752382728502383,-0.8455756950000379,-0.13697795118421927,-0.02405780128381032,0.11292014990040894,Risk: Generative AI (Near-Term),51-8012.00,11380,81900.0
Power Plant Operators,2.77,2.3333333333333335,2.52,2.75,1,0,0,Low,-0.2578897624135308,0.6821239116011142,-0.6499324839132974,0.9331750114423489,1.5831074953556463,Risk: Robotics (Medium-Term),51-8013.00,35010,74690.0
Stationary Engineers and Boiler Operators,2.9333333333333336,2.4583333333333335,2.4166666666666665,2.7900000000000005,1,0,0,Low,-0.027728760405383256,0.8077571029334457,-0.8316649469373144,0.9770177356893491,1.8086826826266635,Risk: Robotics (Medium-Term),51-8021.00,33720,59400.0
Water and Wastewater Treatment Plant and System Operators,2.9783333333333335,2.3533333333333335,2.5016666666666665,2.706666666666667,1,0,0,Low,0.035682944229514346,0.7022252222142872,-0.6821753402562685,0.885678726841433,1.5678540670977015,Risk: Robotics (Medium-Term),51-8031.00,115840,45760.0
Chemical Plant and System Operators,2.956666666666667,2.436666666666667,2.391666666666667,3.2099999999999995,1,0,0,Low,0.005151382738637907,0.7859806831025085,-0.8756324783140916,1.4373663402828445,2.3129988185969363,Risk: Robotics (Medium-Term),51-8091.00,33300,59920.0
Gas Plant Operators,2.813333333333333,2.2933333333333334,2.685,2.9166666666666665,1,0,0,Low,-0.1968266394317779,0.641921290374768,-0.35974677682656114,1.1158530291381807,1.475599805964742,Risk: Robotics (Medium-Term),51-8092.00,17350,67580.0
"Petroleum Pump System Operators, Refinery Operators, and Gaugers",2.9583333333333335,2.5,2.626666666666667,2.9166666666666665,1,0,0,Low,0.007499964391782008,0.8496348333775561,-0.46233768337237663,1.1158530291381807,1.5781907125105574,Risk: Robotics (Medium-Term),51-8093.00,41630,67400.0
Chemical Equipment Operators and Tenders,2.706666666666667,2.4183333333333334,2.3516666666666666,3.206666666666667,1,0,0,Low,-0.347135865233016,0.7675544817070996,-0.9459805285169376,1.4337127799289289,2.3796933084458667,Risk: Robotics (Medium-Term),51-9011.00,73840,47780.0
"Separating, Filtering, Clarifying, Precipitating, and Still Machine Setters, Operators, and Tenders",2.5416666666666665,2.7900000000000005,2.393333333333334,2.9599999999999995,1,0,0,Low,-0.5796454488943082,1.1411038372685658,-0.8727013095556393,1.1633493137390967,2.036050623294736,Risk: Robotics (Medium-Term),51-9012.00,47160,38360.0
"Crushing, Grinding, and Polishing Machine Setters, Operators, and Tenders",2.605,2.8100000000000005,2.4583333333333335,3.456666666666667,1,0,0,Low,-0.4903993460748224,1.161205147881739,-0.7583857279760168,1.7077298064726767,2.4661155344486936,Risk: Robotics (Medium-Term),51-9021.00,29830,34390.0
"Grinding and Polishing Workers, Hand",2.145,2.5416666666666665,2.1666666666666665,3.1666666666666665,1,0,0,Low,-1.1386078823426655,0.8915125638216664,-1.2713402607050965,1.3898700556819286,2.661210316387025,Risk: Robotics (Medium-Term),51-9022.00,26670,28720.0
"Mixing and Blending Machine Setters, Operators, and Tenders",2.355,2.54,2.2283333333333335,3.1233333333333335,1,0,0,Low,-0.8426865940464763,0.8898374546039023,-1.1628870166423764,1.3423737710810126,2.505260787723389,Risk: Robotics (Medium-Term),51-9023.00,130480,35680.0
"Cutters and Trimmers, Hand",1.7066666666666668,2.31,2.186666666666667,2.8733333333333335,1,0,0,Low,-1.756284857119632,0.6586723825524121,-1.2361662356036731,1.0683567445372648,2.3045229801409377,Risk: Robotics (Medium-Term),51-9031.00,14250,27600.0
"Cutting and Slicing Machine Setters, Operators, and Tenders",2.395,2.75,2.1016666666666666,3.33,1,0,0,Low,-0.7863206343710116,1.1009012160422194,-1.3856558422847198,1.568894513023844,2.954550355308564,Risk: Robotics (Medium-Term),51-9032.00,61330,32870.0
"Extruding, Forming, Pressing, and Compacting Machine Setters, Operators, and Tenders",2.206666666666667,2.813333333333333,1.9583333333333333,3.1633333333333336,1,0,0,Low,-1.0517103611763237,1.164555366317267,-1.6377363555115816,1.3862164953280123,3.023952850839594,Risk: Robotics (Medium-Term),51-9041.00,71260,32510.0
"Furnace, Kiln, Oven, Drier, and Kettle Operators and Tenders",2.04,2.5,1.9783333333333335,3.3766666666666665,1,0,0,Low,-1.28656852649076,0.8496348333775561,-1.6025623304101586,1.6200443579786767,3.2226066883888356,Risk: Robotics (Medium-Term),51-9051.00,19520,36040.0
"Inspectors, Testers, Sorters, Samplers, and Weighers",2.5416666666666665,2.0833333333333335,2.2916666666666665,2.7099999999999995,1,0,0,Low,-0.5796454488943082,0.43085752893645096,-1.0515026038212054,0.8893322871953487,1.940834891016554,Risk: Robotics (Medium-Term),51-9061.00,518950,36780.0
Jewelers and Precious Stone and Metal Workers,2.353333333333333,1.875,2.561666666666666,2.3766666666666665,1,0,0,Low,-0.8450351756996209,0.2214688767158982,-0.5766532649520014,0.5239762518036852,1.1006295167556868,Risk: Robotics (Medium-Term),51-9071.00,26480,38200.0
Dental Laboratory Technicians,2.5416666666666665,1.54,2.4583333333333335,2.7533333333333334,1,0,0,Low,-0.5796454488943082,-0.11522807605475038,-0.7583857279760168,0.9368285717962657,1.6952142997722826,Risk: Robotics (Medium-Term),51-9081.00,37110,37680.0
Medical Appliance Technicians,2.9783333333333335,2.5400000000000005,2.77,2.5833333333333335,0,1,0,Low,0.035682944229514346,0.8898374546039027,-0.21025717014551526,0.7504969937465171,0.9607541638920324,Risk: Robotics (Medium-Term),51-9082.00,14570,35980.0
Ophthalmic Laboratory Technicians,2.27,1.9366666666666668,2.2483333333333335,3.5,1,0,0,Low,-0.9624642583568386,0.2834479177731819,-1.1277129915409538,1.7552260910735926,2.8829390826145467,Risk: Robotics (Medium-Term),51-9083.00,28570,30640.0
Packaging and Filling Machine Operators and Tenders,2.1016666666666666,2.7733333333333334,2.3516666666666666,3.206666666666667,1,0,0,Low,-1.199671005324419,1.1243527450909212,-0.9459805285169376,1.4337127799289289,2.3796933084458667,Risk: Robotics (Medium-Term),51-9111.00,386520,28290.0
"Painting, Coating, and Decorating Workers",1.705,2.1466666666666665,2.186666666666667,2.2933333333333334,1,0,0,Low,-1.7586334387727762,0.4945116792114987,-1.2361662356036731,0.4326372429557696,1.6688034785594428,Risk: Robotics (Medium-Term),51-9123.00,15450,30030.0
Semiconductor Processing Technicians,2.275,2.5033333333333334,2.27,2.956666666666667,1,0,0,Low,-0.9554185133974056,0.852985051813085,-1.0896077976810796,1.1596957533851808,2.2493035510662605,Risk: Robotics (Medium-Term),51-9141.00,24430,35660.0
Photographic Process Workers and Processing Machine Operators,2.7283333333333335,2.2083333333333335,2.8333333333333335,2.46,0,0,0,Low,-0.31660430374213955,0.5564907202687825,-0.09887275732434354,0.6153152606516014,0.7141880179759449,Risk: Robotics (Medium-Term),51-9151.00,26430,26470.0
Adhesive Bonding Machine Operators and Tenders,2.375,2.956666666666667,2.2099999999999995,3.3333333333333335,1,0,0,Low,-0.814503614208744,1.308614759045008,-1.1951298729853481,1.5725480733777608,2.7676779463631087,Risk: Robotics (Medium-Term),51-9191.00,16940,32290.0
"Cleaning, Washing, and Metal Pickling Equipment Operators and Tenders",1.8533333333333335,2.48,2.04,2.8333333333333335,1,0,0,Low,-1.5496096716429282,0.8295335227643831,-1.494109086347439,1.0245140202902652,2.5186231066377043,Risk: Robotics (Medium-Term),51-9192.00,17860,28550.0
Cooling and Freezing Equipment Operators and Tenders,2.7099999999999995,2.6850000000000005,2.355,2.956666666666667,1,0,0,Low,-0.34243870192672843,1.0355719565494073,-0.9401181910000337,1.1596957533851808,2.0998139443852146,Risk: Robotics (Medium-Term),51-9193.00,8170,29190.0
Etchers and Engravers,2.1016666666666666,2.2933333333333334,2.0600000000000005,2.9166666666666665,1,0,0,Low,-1.199671005324419,0.641921290374768,-1.458935061246016,1.1158530291381807,2.574788090384197,Risk: Robotics (Medium-Term),51-9194.00,9520,31110.0
"Molders, Shapers, and Casters, Except Metal and Plastic",1.8966666666666665,2.5833333333333335,2.126666666666667,2.9966666666666666,1,0,0,Low,-1.4885465486611753,0.9333902942657774,-1.341688310907941,1.20353847763218,2.5452267885401207,Risk: Robotics (Medium-Term),51-9195.00,39450,30610.0
"Paper Goods Machine Setters, Operators, and Tenders",2.2933333333333334,2.375,2.266666666666667,2.8766666666666665,1,0,0,Low,-0.9295841152128174,0.7240016420452245,-1.0954701351979828,1.072010304891181,2.1674804400891636,Risk: Robotics (Medium-Term),51-9196.00,93100,36990.0
Tire Builders,1.6033333333333335,2.956666666666667,1.71,3.33,1,0,0,Low,-1.901896919614582,1.308614759045008,-2.0744805005209117,1.568894513023844,3.643375013544756,Risk: Robotics (Medium-Term),51-9197.00,22280,41680.0
Helpers--Production Workers,1.6650000000000003,2.706666666666667,1.71,3.0866666666666664,1,0,0,Low,-1.8149993984482407,1.0573483763803446,-2.0744805005209117,1.3021846071879293,3.376665107708841,Risk: Robotics (Medium-Term),51-9198.00,429890,24830.0
"Airline Pilots, Copilots, and Flight Engineers",3.601666666666667,1.79,3.186666666666667,3.9166666666666665,0,1,-1,Low,0.914052482505505,0.13603830660991278,0.5225350194674555,2.2119211353131725,1.6893861158457169,Risk: Generative AI (Near-Term),53-2011.00,81520,127820.0
Commercial Pilots,3.395,2.2283333333333335,3.043333333333333,3.5833333333333335,0,1,-1,Low,0.622828357515604,0.5765920308819557,0.27045450624059264,1.8465650999215086,1.5761105936809159,Risk: Generative AI (Near-Term),53-2012.00,38980,77200.0
Air Traffic Controllers,3.726666666666667,0.8333333333333334,3.1899999999999995,1.75,3,2,0,Low,1.090196106491332,-0.8254743843868649,0.5283973569843579,-0.16289309473264263,-0.6912904517170004,Risk: Generative AI (Near-Term),53-2021.00,23240,122410.0
Airfield Operations Specialists,3.1466666666666665,1.415,3.1666666666666665,2.0433333333333334,0,3,0,Low,0.27288969119709416,-0.24086126738708197,0.4873609943660322,0.1586202164120217,-0.32874077795401047,Risk: Generative AI (Near-Term),53-2022.00,8760,48910.0
Flight Attendants,2.4599999999999995,2.645,3.105,1.92,0,1,0,Low,-0.6947259498983823,0.9953693353230607,0.3789077503033128,0.023438483317105862,-0.35546926698620696,Risk: Robotics (Medium-Term),53-2031.00,113390,48500.0
"Ambulance Drivers and Attendants, Except Emergency Medical Technicians",2.293333333333333,2.8966666666666665,2.9133333333333336,2.9966666666666666,1,0,0,Low,-0.929584115212818,1.2483108272054881,0.04182334308134687,1.20353847763218,1.1617151345508332,Risk: Robotics (Medium-Term),53-3011.00,17300,23850.0
Driver/Sales Workers,2.42,2.563333333333333,2.7533333333333334,2.8333333333333335,1,0,0,Low,-0.7510919095738463,0.9132889836526038,-0.23956885773003397,1.0245140202902652,1.264082878020299,Risk: Robotics (Medium-Term),53-3031.00,426310,22830.0
Heavy and Tractor-Trailer Truck Drivers,2.3149999999999995,2.585,2.0216666666666665,3.793333333333333,1,0,0,Low,-0.8990525537219416,0.9350654034835415,-1.5263519426904102,2.0767394022182564,3.6030913449086666,Risk: Robotics (Medium-Term),53-3032.00,1704520,41340.0
Light Truck Drivers,2.105,2.645,1.875,3.0833333333333335,1,0,0,Low,-1.1949738420181302,0.9953693353230607,-1.7842947934341755,1.298531046834013,3.0828258402681885,Risk: Robotics (Medium-Term),53-3033.00,858710,30580.0
Locomotive Engineers,2.6233333333333335,2.3533333333333335,2.27,3.6666666666666665,1,0,0,Low,-0.46456494789023417,0.7022252222142872,-1.0896077976810796,1.9379041087694244,3.027511906450504,Risk: Robotics (Medium-Term),53-4011.00,39900,57670.0
"Rail Yard Engineers, Dinkey Operators, and Hostlers",2.561666666666667,2.686666666666667,2.2916666666666665,3.3333333333333335,1,0,0,Low,-0.5514624690565753,1.0372470657671715,-1.0515026038212054,1.5725480733777608,2.6240506771989662,Risk: Robotics (Medium-Term),53-4013.00,4530,50470.0
Railroad Conductors and Yardmasters,3.02,2.375,2.936666666666667,2.8333333333333335,0,1,0,Low,0.09439748555812312,0.7240016420452245,0.08285970569967338,1.0245140202902652,0.9416543145905918,Risk: Robotics (Medium-Term),53-4031.00,42880,57480.0
Subway and Streetcar Operators,2.3349999999999995,2.3333333333333335,2.48,3.5400000000000005,1,0,0,Low,-0.8708695738842093,0.6821239116011142,-0.7202805341161427,1.7990688153205927,2.5193493494367356,Risk: Robotics (Medium-Term),53-4041.00,12350,64680.0
Sailors and Marine Oilers,2.5833333333333335,3.1033333333333335,2.813333333333333,3.25,1,0,0,Low,-0.5209309075656988,1.4560243702082767,-0.13404678242576692,1.4812090645298448,1.6152558469556118,Risk: Robotics (Medium-Term),53-5011.00,32530,42060.0
"Captains, Mates, and Pilots of Water Vessels",2.9983333333333335,2.706666666666667,3.0,3.0,0,0,0,Low,0.06386592406724668,1.0573483763803446,0.1942441185208443,1.2071920379860968,1.0129479194652524,Risk: Robotics (Medium-Term),53-5021.00,36720,72680.0
Motorboat Operators,2.6466666666666665,2.5600000000000005,2.8366666666666664,3.2900000000000005,1,0,0,Low,-0.4316848047462136,0.9099387652170757,-0.09301041980744043,1.5250517887768449,1.6180622085842853,Risk: Robotics (Medium-Term),53-5022.00,3290,40210.0
Ship Engineers,3.105,2.645,2.605,3.043333333333333,1,0,0,Low,0.21417514986848538,0.9953693353230607,-0.5004428772322516,1.2546883225870127,1.7551311998192642,Risk: Robotics (Medium-Term),53-5031.00,9750,70570.0
Bridge and Lock Tenders,2.125,2.186666666666667,2.476666666666667,3.0,1,0,0,Low,-1.1667908621803977,0.5347143004378453,-0.7261428716330458,1.2071920379860968,1.9333349096191426,Risk: Robotics (Medium-Term),53-6011.00,3510,49090.0
Parking Attendants,2.061666666666667,2.2716666666666665,2.1466666666666665,2.7099999999999995,1,0,0,Low,-1.256036964999883,0.6201448705438303,-1.306514285806519,0.8893322871953487,2.1958465730018677,Risk: Robotics (Medium-Term),53-6021.00,146350,21730.0
Automotive and Watercraft Service Attendants,2.186666666666667,2.7483333333333335,2.3733333333333335,2.6633333333333336,1,0,0,Low,-1.079893341014056,1.099226106824455,-0.9078753346570627,0.8381824422405165,1.7460577768975791,Risk: Robotics (Medium-Term),53-6031.00,109790,22420.0
Traffic Technicians,3.331666666666667,1.3116666666666668,2.9199999999999995,2.1633333333333336,0,3,0,Low,0.5335822546961188,-0.344718038888476,0.053548018115153105,0.29014838915302077,0.23660037103786766,Risk: Generative AI (Near-Term),53-6041.00,6410,45150.0
Transportation Inspectors,3.0849999999999995,1.3116666666666668,2.77,1.8766666666666667,2,3,0,Low,0.1859921700307524,-0.344718038888476,-0.21025717014551526,-0.02405780128381032,0.18619936886170493,Risk: Generative AI (Near-Term),53-6051.00,27430,72220.0
Passenger Attendants,2.105,1.9816666666666667,2.831666666666667,2.0,2,1,0,Low,-1.1949738420181302,0.32867586665282117,-0.10180392608279511,0.11112393181110526,0.21292785789390037,Risk: Robotics (Medium-Term),53-6061.00,18410,26060.0
Conveyor Operators and Tenders,2.5416666666666665,2.4983333333333335,2.4566666666666666,3.25,1,0,0,Low,-0.5796454488943082,0.8479597241597918,-0.7613168967344691,1.4812090645298448,2.242525961264314,Risk: Robotics (Medium-Term),53-7011.00,28590,31410.0
Crane and Tower Operators,2.185,2.4583333333333335,2.2083333333333335,3.6666666666666665,1,0,0,Low,-1.0822419226672009,0.8077571029334457,-1.198061041743799,1.9379041087694244,3.1359651505132233,Risk: Robotics (Medium-Term),53-7021.00,45020,52170.0
Dredge Operators,2.188333333333333,2.3783333333333334,2.313333333333333,3.4166666666666665,1,0,0,Low,-1.0775447593609127,0.7273518604807534,-1.0133974099613312,1.6638870822256764,2.677284492187008,Risk: Robotics (Medium-Term),53-7031.00,1760,42420.0
Hoist and Winch Operators,2.061666666666667,2.4183333333333334,2.4583333333333335,3.2099999999999995,1,0,0,Low,-1.256036964999883,0.7675544817070996,-0.7583857279760168,1.4373663402828445,2.1957520682588614,Risk: Robotics (Medium-Term),53-7041.00,2960,42530.0
Industrial Truck and Tractor Operators,1.9783333333333335,2.7283333333333335,2.02,3.6266666666666665,1,0,0,Low,-1.3734660476571012,1.079124796211282,-1.5292831114488619,1.8940613845224248,3.4233444959712864,Risk: Robotics (Medium-Term),53-7051.00,542750,32460.0
Cleaners of Vehicles and Equipment,1.3966666666666667,2.5416666666666665,1.5,3.0833333333333335,1,0,0,Low,-2.193121044604483,0.8915125638216664,-2.443807764085849,1.298531046834013,3.742338810919862,Risk: Robotics (Medium-Term),53-7061.00,348770,22220.0
"Laborers and Freight, Stock, and Material Movers, Hand",1.7716666666666665,3.0416666666666665,2.043333333333333,2.9166666666666665,1,0,0,Low,-1.6646901726470023,1.3940453291509929,-1.488246748830536,1.1158530291381807,2.6040997779687167,Risk: Robotics (Medium-Term),53-7062.00,2587900,25980.0
Machine Feeders and Offbearers,1.8333333333333333,2.52,1.8966666666666665,3.4166666666666665,1,0,0,Low,-1.5777926514806608,0.8697361439907292,-1.7461895995743013,1.6638870822256764,3.4100766817999775,Risk: Robotics (Medium-Term),53-7063.00,88070,28410.0
"Packers and Packagers, Hand",1.4583333333333333,2.518333333333334,1.3733333333333333,2.793333333333333,1,0,0,Low,-2.1062235234381417,0.8680610347729654,-2.6665765897281917,0.9806712960432649,3.6472478857714563,Risk: Robotics (Medium-Term),53-7064.00,705660,22130.0
Gas Compressor and Gas Pumping Station Operators,2.561666666666667,2.396666666666667,2.311666666666667,3.1233333333333335,1,0,0,Low,-0.5514624690565753,0.7457780618761622,-1.016328578719782,1.3423737710810126,2.3587023498007946,Risk: Robotics (Medium-Term),53-7071.00,3890,60470.0
"Pump Operators, Except Wellhead Pumpers",2.6650000000000005,2.643333333333334,2.3716666666666666,3.1266666666666665,1,0,0,Low,-0.40585040656162474,0.993694226105297,-0.9108065034155151,1.346027331434929,2.256833834850444,Risk: Robotics (Medium-Term),53-7072.00,12030,42470.0
Wellhead Pumpers,2.15,2.73,1.6666666666666667,3.206666666666667,1,0,0,Low,-1.1315621373832325,1.0807999054290462,-2.1506908882406606,1.4337127799289289,3.5844036681695894,Risk: Robotics (Medium-Term),53-7073.00,11610,49610.0
Refuse and Recyclable Material Collectors,1.3933333333333333,2.4150000000000005,1.9799999999999998,3.17,1,0,0,Low,-2.1978182079107715,0.7642042632715711,-1.5996311616517074,1.3935236160358453,2.9931547776875527,Risk: Robotics (Medium-Term),53-7081.00,114680,35270.0
"Tank Car, Truck, and Ship Loaders",2.583333333333334,3.1050000000000004,2.33,3.4166666666666665,1,0,0,Low,-0.5209309075656982,1.4576994794260414,-0.9840857223768118,1.6638870822256764,2.647972804602488,Risk: Robotics (Medium-Term),53-7121.00,10920,35770.0
